seq_index,seq_start_row,seq_start_time,recon_error,anomaly_flag
0,0,2025-07-21 00:00:00.602,0.008689979,0
1,16,2025-07-21 00:00:04.566,0.008683895,0
2,32,2025-07-21 00:00:06.981,0.008691655,0
3,48,2025-07-21 00:00:33.431,0.008701866,0
4,64,2025-07-21 00:00:40.938,0.00869198,0
5,80,2025-07-21 00:00:47.014,0.008683305,0
6,96,2025-07-21 00:00:48.835,0.008690611,0
7,112,2025-07-21 00:00:55.569,0.0086856065,0
8,128,2025-07-21 00:01:04.053,0.008720895,0
9,144,2025-07-21 00:01:11.851,0.008722892,0
10,160,2025-07-21 00:01:13.944,0.008712829,0
11,176,2025-07-21 00:01:19.335,0.008725263,0
12,192,2025-07-21 01:02:26.116,0.008694036,0
13,208,2025-07-21 01:03:04.631,0.008698326,0
14,224,2025-07-21 01:03:11.860,0.008689197,0
15,240,2025-07-21 01:03:19.543,0.008679873,0
16,256,2025-07-21 01:03:21.783,0.008695281,0
17,272,2025-07-21 01:03:27.077,0.008683214,0
18,288,2025-07-21 01:03:35.602,0.008682619,0
19,304,2025-07-21 01:03:44.358,0.008686729,0
20,320,2025-07-21 01:03:46.769,0.008679063,0
21,336,2025-07-21 01:03:51.861,0.008684119,0
22,352,2025-07-21 01:03:57.961,0.008685711,0
23,368,2025-07-21 01:04:06.450,0.008689148,0
24,384,2025-07-21 01:04:11.624,0.008688683,0
25,400,2025-07-21 01:04:14.024,0.00869135,0
26,416,2025-07-21 01:04:21.316,0.008702107,0
27,432,2025-07-21 01:04:28.381,0.008688845,0
28,448,2025-07-21 01:04:36.058,0.008679822,0
29,464,2025-07-21 01:04:38.331,0.008690583,0
30,480,2025-07-21 01:04:45.011,0.0086844545,0
31,496,2025-07-21 01:04:52.201,0.008683214,0
32,512,2025-07-21 01:05:00.885,0.008687335,0
33,528,2025-07-21 01:05:03.347,0.00868795,0
34,544,2025-07-21 01:07:49.766,0.008691191,0
35,560,2025-07-21 01:07:55.490,0.008694653,0
36,576,2025-07-21 01:08:03.277,0.008693132,0
37,592,2025-07-21 01:08:09.355,0.008683111,0
38,608,2025-07-21 01:08:11.785,0.008687516,0
39,624,2025-07-21 01:08:19.494,0.008694256,0
40,640,2025-07-21 01:08:26.708,0.008685904,0
41,656,2025-07-21 01:08:34.444,0.008682324,0
42,672,2025-07-21 01:08:36.466,0.008690736,0
43,688,2025-07-21 01:08:41.917,0.008682559,0
44,704,2025-07-21 01:08:50.501,0.008681589,0
45,720,2025-07-21 01:08:58.900,0.008685866,0
46,736,2025-07-21 01:09:01.604,0.008679182,0
47,752,2025-07-21 01:09:22.660,0.008687362,0
48,768,2025-07-21 01:09:28.518,0.008689691,0
49,784,2025-07-21 01:09:36.268,0.008688874,0
50,800,2025-07-21 01:09:42.049,0.008686628,0
51,816,2025-07-21 01:09:44.829,0.008687573,0
52,832,2025-07-21 01:09:52.132,0.008698326,0
53,848,2025-07-21 01:09:59.424,0.008689274,0
54,864,2025-07-21 01:10:07.060,0.0086822305,0
55,880,2025-07-21 01:10:09.345,0.0086944485,0
56,896,2025-07-21 01:10:14.540,0.008682381,0
57,912,2025-07-21 01:10:22.908,0.00868171,0
58,928,2025-07-21 01:10:32.718,0.008689703,0
59,944,2025-07-21 01:10:35.348,0.008682502,0
60,960,2025-07-21 01:10:40.391,0.008691373,0
61,976,2025-07-21 01:10:46.449,0.008693615,0
62,992,2025-07-21 01:10:53.850,0.008688874,0
63,1008,2025-07-21 01:10:59.634,0.008688155,0
64,1024,2025-07-21 01:11:02.399,0.008686741,0
65,1040,2025-07-21 01:11:09.803,0.008697332,0
66,1056,2025-07-21 01:11:16.994,0.008688365,0
67,1072,2025-07-21 01:11:24.834,0.008679873,0
68,1088,2025-07-21 01:11:26.909,0.00869528,0
69,1104,2025-07-21 01:11:32.271,0.008683213,0
70,1120,2025-07-21 01:11:40.735,0.008682619,0
71,1136,2025-07-21 01:11:49.507,0.00868673,0
72,1152,2025-07-21 01:11:52.076,0.008679063,0
73,1168,2025-07-21 01:11:57.135,0.008684119,0
74,1184,2025-07-21 01:12:03.150,0.008685712,0
75,1200,2025-07-21 01:12:12.431,0.008689148,0
76,1216,2025-07-21 01:12:16.766,0.008687851,0
77,1232,2025-07-21 01:12:19.185,0.008690518,0
78,1248,2025-07-21 01:12:26.510,0.008701274,0
79,1264,2025-07-21 01:12:33.789,0.008688012,0
80,1280,2025-07-21 01:12:43.378,0.008679822,0
81,1296,2025-07-21 01:12:45.497,0.008690583,0
82,1312,2025-07-21 01:12:52.173,0.008682242,0
83,1328,2025-07-21 01:12:59.378,0.008681861,0
84,1344,2025-07-21 01:13:14.903,0.008681873,0
85,1360,2025-07-21 01:13:17.318,0.008683098,0
86,1376,2025-07-21 01:13:22.482,0.008683811,0
87,1392,2025-07-21 01:13:28.513,0.008728891,0
88,1408,2025-07-21 01:13:38.105,0.00873095,0
89,1424,2025-07-21 01:13:49.250,0.008720198,0
90,1440,2025-07-21 01:13:51.658,0.008730355,0
91,1456,2025-07-21 01:14:05.123,0.008693205,0
92,1472,2025-07-21 01:14:15.398,0.008697494,0
93,1488,2025-07-21 01:14:22.607,0.008688365,0
94,1504,2025-07-21 01:14:30.258,0.008679873,0
95,1520,2025-07-21 01:14:32.518,0.0086944485,0
96,1536,2025-07-21 01:14:37.814,0.008682383,0
97,1552,2025-07-21 01:14:46.330,0.008681788,0
98,1568,2025-07-21 01:14:55.119,0.008685898,0
99,1584,2025-07-21 01:14:57.632,0.008679895,0
100,1600,2025-07-21 01:15:02.685,0.008684951,0
101,1616,2025-07-21 01:15:08.766,0.0087265875,0
102,1632,2025-07-21 01:15:18.035,0.008731863,0
103,1648,2025-07-21 01:15:28.454,0.008724144,0
104,1664,2025-07-21 01:15:30.858,0.008728163,0
105,1680,2025-07-21 01:15:43.957,0.008699563,0
106,1696,2025-07-21 01:15:54.668,0.008693425,0
107,1712,2025-07-21 01:16:01.870,0.0087325405,0
108,1728,2025-07-21 01:16:15.731,0.008723129,0
109,1744,2025-07-21 01:16:17.786,0.008716573,0
110,1760,2025-07-21 01:16:37.892,0.008727976,0
111,1776,2025-07-21 01:16:54.103,0.008682681,0
112,1792,2025-07-21 01:17:01.563,0.008681548,0
113,1808,2025-07-21 01:17:09.674,0.008689489,0
114,1824,2025-07-21 01:17:22.181,0.008683453,0
115,1840,2025-07-21 01:17:27.439,0.008689611,0
116,1856,2025-07-21 01:17:33.575,0.008697812,0
117,1872,2025-07-21 01:17:41.063,0.008691649,0
118,1888,2025-07-21 01:17:53.651,0.008683187,0
119,1904,2025-07-21 01:17:56.082,0.008686823,0
120,1920,2025-07-21 01:18:02.737,0.008689511,0
121,1936,2025-07-21 01:18:10.559,0.00868187,0
122,1952,2025-07-21 01:18:25.577,0.008681656,0
123,1968,2025-07-21 01:18:27.525,0.008690741,0
124,1984,2025-07-21 01:18:32.946,0.008682664,0
125,2000,2025-07-21 01:18:40.388,0.008681473,0
126,2016,2025-07-21 01:18:50.096,0.008685746,0
127,2032,2025-07-21 01:18:59.502,0.008679466,0
128,2048,2025-07-21 01:19:04.593,0.008686567,0
129,2064,2025-07-21 01:19:10.315,0.008693822,0
130,2080,2025-07-21 01:19:18.112,0.008692301,0
131,2096,2025-07-21 01:19:30.522,0.008686649,0
132,2112,2025-07-21 01:19:32.970,0.008690476,0
133,2128,2025-07-21 01:19:40.554,0.008693424,0
134,2144,2025-07-21 01:19:47.661,0.008685073,0
135,2160,2025-07-21 01:20:02.748,0.008681492,0
136,2176,2025-07-21 01:20:04.828,0.008691568,0
137,2192,2025-07-21 01:20:10.142,0.008683473,0
138,2208,2025-07-21 01:20:18.626,0.008682432,0
139,2224,2025-07-21 01:20:34.529,0.008686698,0
140,2240,2025-07-21 01:20:37.318,0.008680015,0
141,2256,2025-07-21 01:20:42.330,0.008688113,0
142,2272,2025-07-21 01:20:48.020,0.008690673,0
143,2288,2025-07-21 01:20:55.686,0.008689705,0
144,2304,2025-07-21 01:21:08.899,0.008688155,0
145,2320,2025-07-21 01:21:11.678,0.008686741,0
146,2336,2025-07-21 01:21:18.870,0.008697332,0
147,2352,2025-07-21 01:21:26.264,0.008688365,0
148,2368,2025-07-21 01:21:41.270,0.008679873,0
149,2384,2025-07-21 01:21:43.353,0.0086944485,0
150,2400,2025-07-21 01:21:48.693,0.008682381,0
151,2416,2025-07-21 01:21:56.919,0.008681788,0
152,2432,2025-07-21 01:22:13.240,0.008685898,0
153,2448,2025-07-21 01:22:15.652,0.008679062,0
154,2464,2025-07-21 01:22:20.639,0.008684119,0
155,2480,2025-07-21 01:22:26.616,0.008721753,0
156,2496,2025-07-21 01:22:35.765,0.008744218,0
157,2512,2025-07-21 01:22:47.445,0.008728928,0
158,2528,2025-07-21 01:22:49.826,0.00872958,0
159,2544,2025-07-21 01:30:59.634,0.008712028,0
160,2560,2025-07-21 01:31:38.264,0.008683072,0
161,2576,2025-07-21 01:31:45.269,0.008682693,0
162,2592,2025-07-21 01:31:54.600,0.008682703,0
163,2608,2025-07-21 01:31:57.069,0.008683955,0
164,2624,2025-07-21 01:32:02.173,0.008683945,0
165,2640,2025-07-21 01:32:08.196,0.0086824205,0
166,2656,2025-07-21 01:32:17.837,0.00868998,0
167,2672,2025-07-21 01:32:21.727,0.00868387,0
168,2688,2025-07-21 01:32:24.118,0.008692351,0
169,2704,2025-07-21 01:32:33.037,0.008701865,0
170,2720,2025-07-21 01:32:40.572,0.0086919805,0
171,2736,2025-07-21 01:32:46.828,0.008683305,0
172,2752,2025-07-21 01:32:48.706,0.008687537,0
173,2768,2025-07-21 01:32:55.311,0.008686438,0
174,2784,2025-07-21 01:33:03.685,0.008682708,0
175,2800,2025-07-21 01:33:11.686,0.008682642,0
176,2816,2025-07-21 01:33:13.673,0.008686966,0
177,2832,2025-07-21 01:33:19.148,0.008682681,0
178,2848,2025-07-21 01:33:26.615,0.008681547,0
179,2864,2025-07-21 01:33:34.522,0.008689489,0
180,2880,2025-07-21 01:33:42.104,0.008684569,0
181,2896,2025-07-21 01:33:47.439,0.008690442,0
182,2912,2025-07-21 01:33:53.681,0.008698644,0
183,2928,2025-07-21 01:34:01.002,0.008692481,0
184,2944,2025-07-21 01:34:12.155,0.008682962,0
185,2960,2025-07-21 01:34:14.590,0.008686823,0
186,2976,2025-07-21 01:34:21.357,0.008689512,0
187,2992,2025-07-21 01:34:29.221,0.00868187,0
188,3008,2025-07-21 01:34:44.830,0.008681596,0
189,3024,2025-07-21 01:34:46.834,0.008691572,0
190,3040,2025-07-21 01:34:52.402,0.008683493,0
191,3056,2025-07-21 01:34:59.823,0.008682306,0
192,3072,2025-07-21 01:35:09.447,0.008686579,0
193,3088,2025-07-21 01:35:19.332,0.008683004,0
194,3104,2025-07-21 01:35:24.528,0.008690359,0
195,3120,2025-07-21 01:35:30.230,0.008693821,0
196,3136,2025-07-21 01:35:37.795,0.008692301,0
197,3152,2025-07-21 01:35:51.179,0.00868311,0
198,3168,2025-07-21 01:35:53.621,0.008686684,0
199,3184,2025-07-21 01:36:01.274,0.008693424,0
200,3200,2025-07-21 01:36:08.372,0.008685073,0
201,3216,2025-07-21 01:36:23.527,0.008681492,0
202,3232,2025-07-21 01:36:25.555,0.008690736,0
203,3248,2025-07-21 01:36:31.111,0.00868256,0
204,3264,2025-07-21 01:36:39.357,0.008681589,0
205,3280,2025-07-21 01:37:27.814,0.008685865,0
206,3296,2025-07-21 01:37:30.573,0.008679182,0
207,3312,2025-07-21 01:37:35.737,0.008687362,0
208,3328,2025-07-21 01:37:41.447,0.008689853,0
209,3344,2025-07-21 01:37:49.151,0.008688874,0
210,3360,2025-07-21 01:38:02.539,0.008688155,0
211,3376,2025-07-21 01:38:05.309,0.008686741,0
212,3392,2025-07-21 01:38:12.669,0.008697333,0
213,3408,2025-07-21 01:38:20.014,0.008688365,0
214,3424,2025-07-21 01:38:35.056,0.008679873,0
215,3440,2025-07-21 01:38:37.371,0.00869528,0
216,3456,2025-07-21 01:38:42.787,0.008683206,0
217,3472,2025-07-21 01:38:51.203,0.00868262,0
218,3488,2025-07-21 01:39:07.173,0.00868673,0
219,3504,2025-07-21 01:39:09.577,0.008679063,0
220,3520,2025-07-21 01:39:14.727,0.008684127,0
221,3536,2025-07-21 01:39:20.722,0.008685713,0
222,3552,2025-07-21 01:39:30.068,0.008689148,0
223,3568,2025-07-21 01:39:41.622,0.008687852,0
224,3584,2025-07-21 01:39:44.040,0.008690518,0
225,3600,2025-07-21 01:39:51.393,0.008701275,0
226,3616,2025-07-21 01:39:58.594,0.008688013,0
227,3632,2025-07-21 01:40:13.100,0.008679822,0
228,3648,2025-07-21 01:40:15.164,0.008690583,0
229,3664,2025-07-21 01:40:21.973,0.008682242,0
230,3680,2025-07-21 01:40:29.036,0.008681862,0
231,3696,2025-07-21 01:40:45.550,0.008681873,0
232,3712,2025-07-21 01:40:47.919,0.008683954,0
233,3728,2025-07-21 01:40:53.066,0.008683945,0
234,3744,2025-07-21 01:40:59.078,0.0086824205,0
235,3760,2025-07-21 01:41:08.733,0.00868998,0
236,3776,2025-07-21 01:41:20.088,0.008683871,0
237,3792,2025-07-21 01:41:22.500,0.008692352,0
238,3808,2025-07-21 01:41:31.521,0.008701866,0
239,3824,2025-07-21 01:41:39.236,0.00869198,0
240,3840,2025-07-21 01:43:19.945,0.008683305,0
241,3856,2025-07-21 01:43:21.788,0.008686823,0
242,3872,2025-07-21 01:43:28.426,0.008685606,0
243,3888,2025-07-21 01:43:36.768,0.008681877,0
244,3904,2025-07-21 01:43:52.241,0.008681811,0
245,3920,2025-07-21 01:43:54.186,0.00868685,0
246,3936,2025-07-21 01:43:59.708,0.008682681,0
247,3952,2025-07-21 01:44:07.283,0.008681548,0
248,3968,2025-07-21 01:44:15.328,0.00868949,0
249,3984,2025-07-21 01:44:42.726,0.008683453,0
250,4000,2025-07-21 01:44:48.170,0.00868961,0
251,4016,2025-07-21 01:44:54.342,0.008697812,0
252,4032,2025-07-21 01:45:01.711,0.00869165,0
253,4048,2025-07-21 01:45:14.930,0.008683187,0
254,4064,2025-07-21 01:45:17.374,0.008686823,0
255,4080,2025-07-21 01:45:24.074,0.008689511,0
256,4096,2025-07-21 01:45:32.038,0.00868187,0
257,4112,2025-07-21 01:45:46.736,0.008681655,0
258,4128,2025-07-21 01:45:48.686,0.008691572,0
259,4144,2025-07-21 01:45:54.261,0.008683495,0
260,4160,2025-07-21 01:46:01.695,0.008682306,0
261,4176,2025-07-21 01:46:11.477,0.008686579,0
262,4192,2025-07-21 01:46:21.579,0.008679466,0
263,4208,2025-07-21 01:46:26.728,0.008686567,0
264,4224,2025-07-21 01:46:32.433,0.008693822,0
265,4240,2025-07-21 01:46:40.076,0.008692301,0
266,4256,2025-07-21 01:46:53.249,0.008686649,0
267,4272,2025-07-21 01:46:55.690,0.008690477,0
268,4288,2025-07-21 01:47:03.450,0.008693424,0
269,4304,2025-07-21 01:47:10.675,0.008685072,0
270,4320,2025-07-21 01:48:13.999,0.008681491,0
271,4336,2025-07-21 01:48:16.038,0.008690735,0
272,4352,2025-07-21 01:48:21.464,0.00868256,0
273,4368,2025-07-21 01:48:29.743,0.008681589,0
274,4384,2025-07-21 01:48:45.348,0.008685866,0
275,4400,2025-07-21 01:48:48.084,0.008679182,0
276,4416,2025-07-21 01:48:53.292,0.008687362,0
277,4432,2025-07-21 01:48:59.006,0.008689854,0
278,4448,2025-07-21 01:49:06.821,0.008688874,0
279,4464,2025-07-21 01:49:19.798,0.008688986,0
280,4480,2025-07-21 01:49:22.556,0.008687573,0
281,4496,2025-07-21 01:49:29.872,0.008698164,0
282,4512,2025-07-21 01:49:37.154,0.008689197,0
283,4528,2025-07-21 01:50:26.144,0.008679873,0
284,4544,2025-07-21 01:50:28.281,0.0086944485,0
285,4560,2025-07-21 01:50:33.764,0.00868238,0
286,4576,2025-07-21 01:50:42.106,0.008681788,0
287,4592,2025-07-21 01:51:24.143,0.008685898,0
288,4608,2025-07-21 01:51:26.640,0.008679063,0
289,4624,2025-07-21 01:51:31.775,0.008684119,0
290,4640,2025-07-21 01:51:37.831,0.008685713,0
291,4656,2025-07-21 01:51:47.087,0.008689148,0
292,4672,2025-07-21 01:54:16.796,0.008688683,0
293,4688,2025-07-21 01:54:19.203,0.00869135,0
294,4704,2025-07-21 01:54:26.539,0.008702107,0
295,4720,2025-07-21 01:54:33.849,0.008688844,0
296,4736,2025-07-21 01:56:02.335,0.008679822,0
297,4752,2025-07-21 01:56:04.408,0.008690583,0
298,4768,2025-07-21 01:56:11.245,0.008682242,0
299,4784,2025-07-21 01:56:18.287,0.008681862,0
300,4800,2025-07-21 01:57:23.183,0.008681873,0
301,4816,2025-07-21 01:57:25.602,0.008683124,0
302,4832,2025-07-21 01:57:30.848,0.008683113,0
303,4848,2025-07-21 01:57:36.886,0.008681589,0
304,4864,2025-07-21 01:57:46.422,0.008689148,0
305,4880,2025-07-21 01:57:57.559,0.008683871,0
306,4896,2025-07-21 01:57:59.971,0.008692351,0
307,4912,2025-07-21 01:58:09.008,0.008701865,0
308,4928,2025-07-21 01:58:16.554,0.00869198,0
309,4944,2025-07-21 01:58:28.943,0.008683305,0
310,4960,2025-07-21 01:58:30.853,0.008686706,0
311,4976,2025-07-21 01:58:37.487,0.0086856065,0
312,4992,2025-07-21 01:58:45.821,0.008681876,0
313,5008,2025-07-21 01:59:01.462,0.00868181,0
314,5024,2025-07-21 01:59:03.417,0.008687798,0
315,5040,2025-07-21 01:59:08.950,0.008683513,0
316,5056,2025-07-21 01:59:16.346,0.0086823795,0
317,5072,2025-07-21 01:59:24.401,0.008690321,0
318,5088,2025-07-21 01:59:35.070,0.008683453,0
319,5104,2025-07-21 01:59:40.465,0.008689611,0
320,5120,2025-07-21 01:59:46.679,0.008697812,0
321,5136,2025-07-21 01:59:54.151,0.00869165,0
322,5152,2025-07-21 02:00:06.214,0.008683186,0
323,5168,2025-07-21 02:00:08.712,0.008686824,0
324,5184,2025-07-21 02:00:15.419,0.00868951,0
325,5200,2025-07-21 02:00:23.160,0.00868187,0
326,5216,2025-07-21 02:00:54.897,0.008681656,0
327,5232,2025-07-21 02:00:56.955,0.008690741,0
328,5248,2025-07-21 02:01:02.499,0.008682664,0
329,5264,2025-07-21 02:01:09.952,0.008681474,0
330,5280,2025-07-21 02:01:19.801,0.008685746,0
331,5296,2025-07-21 02:01:29.475,0.0086933235,0
332,5312,2025-07-21 02:01:34.686,0.008699437,0
333,5328,2025-07-21 02:01:40.407,0.008712839,0
334,5344,2025-07-21 02:01:48.092,0.008702839,0
335,5360,2025-07-21 02:03:13.724,0.008679873,0
336,5376,2025-07-21 02:03:16.026,0.008695279,0
337,5392,2025-07-21 02:03:27.166,0.008683213,0
338,5408,2025-07-21 02:03:35.481,0.008682619,0
339,5424,2025-07-21 02:03:49.449,0.008686729,0
340,5440,2025-07-21 02:03:51.860,0.008679063,0
341,5456,2025-07-21 02:03:57.002,0.008684119,0
342,5472,2025-07-21 02:04:02.977,0.008685712,0
343,5488,2025-07-21 02:04:12.367,0.008689149,0
344,5504,2025-07-21 02:04:23.392,0.008688683,0
345,5520,2025-07-21 02:04:25.795,0.008691553,0
346,5536,2025-07-21 02:04:33.233,0.008702106,0
347,5552,2025-07-21 02:04:40.305,0.008688845,0
348,5568,2025-07-21 02:04:55.727,0.008679822,0
349,5584,2025-07-21 02:04:57.921,0.008690572,0
350,5600,2025-07-21 02:05:04.600,0.008682242,0
351,5616,2025-07-21 02:05:11.783,0.008681862,0
352,5632,2025-07-21 02:05:28.030,0.008681873,0
353,5648,2025-07-21 02:05:30.438,0.008683763,0
354,5664,2025-07-21 02:05:35.676,0.008683945,0
355,5680,2025-07-21 02:05:41.677,0.00868242,0
356,5696,2025-07-21 02:05:51.285,0.008689979,0
357,5712,2025-07-21 02:06:02.825,0.00868387,0
358,5728,2025-07-21 02:06:05.241,0.008692351,0
359,5744,2025-07-21 02:06:14.200,0.008701866,0
360,5760,2025-07-21 02:06:21.663,0.00869198,0
361,5776,2025-07-21 02:06:34.848,0.008683305,0
362,5792,2025-07-21 02:06:36.747,0.0086876545,0
363,5808,2025-07-21 02:06:43.369,0.008686437,0
364,5824,2025-07-21 02:06:51.700,0.008682707,0
365,5840,2025-07-21 02:07:40.503,0.008682642,0
366,5856,2025-07-21 02:07:42.442,0.008686848,0
367,5872,2025-07-21 02:07:47.958,0.008682682,0
368,5888,2025-07-21 02:07:55.381,0.008681547,0
369,5904,2025-07-21 02:08:03.239,0.00868949,0
370,5920,2025-07-21 02:08:14.920,0.008683453,0
371,5936,2025-07-21 02:08:20.277,0.008689609,0
372,5952,2025-07-21 02:08:26.473,0.008697812,0
373,5968,2025-07-21 02:08:33.833,0.008691648,0
374,5984,2025-07-21 02:09:52.392,0.008683186,0
375,6000,2025-07-21 02:09:54.829,0.008686823,0
376,6016,2025-07-21 02:10:01.522,0.00868951,0
377,6032,2025-07-21 02:10:09.389,0.00868187,0
378,6048,2025-07-21 02:10:39.791,0.008681656,0
379,6064,2025-07-21 02:10:41.741,0.008690741,0
380,6080,2025-07-21 02:10:47.328,0.008682663,0
381,6096,2025-07-21 02:10:54.735,0.008681474,0
382,6112,2025-07-21 02:11:04.468,0.008685746,0
383,6128,2025-07-21 02:11:14.176,0.008683836,0
384,6144,2025-07-21 02:11:19.290,0.008691191,0
385,6160,2025-07-21 02:11:24.971,0.008711325,0
386,6176,2025-07-21 02:11:32.484,0.0087013235,0
387,6192,2025-07-21 02:12:01.588,0.008687846,0
388,6208,2025-07-21 02:12:04.031,0.008721903,0
389,6224,2025-07-21 02:18:28.138,0.008780064,0
390,6240,2025-07-21 02:18:36.612,0.008781064,0
391,6256,2025-07-21 02:18:45.439,0.008788611,0
392,6272,2025-07-21 02:19:33.190,0.008759757,0
393,6288,2025-07-21 02:19:37.171,0.008743058,0
394,6304,2025-07-21 02:19:44.642,0.008796249,0
395,6320,2025-07-21 02:19:51.944,0.008782607,0
396,6336,2025-07-21 02:19:59.816,0.008774428,0
397,6352,2025-07-21 02:20:30.948,0.008747667,0
398,6368,2025-07-21 02:20:37.938,0.008766198,0
399,6384,2025-07-21 02:20:43.920,0.008797018,0
400,6400,2025-07-21 02:20:53.634,0.008794692,0
401,6416,2025-07-21 02:20:57.133,0.008766971,0
402,6432,2025-07-21 02:21:37.009,0.008710487,0
403,6448,2025-07-21 02:21:44.519,0.008686437,0
404,6464,2025-07-21 02:21:52.846,0.008682707,0
405,6480,2025-07-21 02:22:00.680,0.008682642,0
406,6496,2025-07-21 02:22:02.567,0.008702566,0
407,6512,2025-07-21 02:22:08.055,0.008768669,0
408,6528,2025-07-21 02:22:15.555,0.008792095,0
409,6544,2025-07-21 02:22:23.721,0.008793872,0
410,6560,2025-07-21 02:24:12.512,0.008763714,0
411,6576,2025-07-21 02:24:16.354,0.0087040095,0
412,6592,2025-07-21 02:24:23.153,0.008690342,0
413,6608,2025-07-21 02:24:31.106,0.008682701,0
414,6624,2025-07-21 02:24:38.946,0.008682427,0
415,6640,2025-07-21 02:24:40.895,0.00869074,0
416,6656,2025-07-21 02:24:46.538,0.008682663,0
417,6672,2025-07-21 02:24:54.017,0.008681474,0
418,6688,2025-07-21 02:25:03.658,0.008685747,0
419,6704,2025-07-21 02:25:06.328,0.008683005,0
420,6720,2025-07-21 02:25:11.579,0.008690359,0
421,6736,2025-07-21 02:25:17.419,0.008693821,0
422,6752,2025-07-21 02:25:25.136,0.008692301,0
423,6768,2025-07-21 02:25:30.779,0.00868311,0
424,6784,2025-07-21 02:25:33.212,0.008686684,0
425,6800,2025-07-21 02:25:40.898,0.008693424,0
426,6816,2025-07-21 02:25:48.210,0.008685072,0
427,6832,2025-07-21 02:25:56.027,0.008681492,0
428,6848,2025-07-21 02:25:58.067,0.008690736,0
429,6864,2025-07-21 02:26:03.445,0.008682559,0
430,6880,2025-07-21 02:26:12.028,0.008681601,0
431,6896,2025-07-21 02:26:20.496,0.008685866,0
432,6912,2025-07-21 02:26:23.247,0.008692829,0
433,6928,2025-07-21 02:26:28.371,0.008757969,0
434,6944,2025-07-21 02:26:34.131,0.008799905,0
435,6960,2025-07-21 02:26:41.910,0.00879005,0
436,6976,2025-07-21 02:26:47.632,0.008767115,0
437,6992,2025-07-21 02:27:16.275,0.008743205,0
438,7008,2025-07-21 02:27:23.065,0.008779233,0
439,7024,2025-07-21 02:27:31.385,0.008780154,0
440,7040,2025-07-21 02:27:40.207,0.008797558,0
441,7056,2025-07-21 02:27:51.165,0.008764713,0
442,7072,2025-07-21 02:27:55.119,0.0087000225,0
443,7088,2025-07-21 02:28:02.494,0.008708062,0
444,7104,2025-07-21 02:28:27.725,0.008685073,0
445,7120,2025-07-21 02:28:35.669,0.008681492,0
446,7136,2025-07-21 02:28:37.812,0.0087084,0
447,7152,2025-07-21 02:28:43.715,0.008776532,0
448,7168,2025-07-21 02:28:52.280,0.008785007,0
449,7184,2025-07-21 02:29:01.019,0.008788304,0
450,7200,2025-07-21 02:29:34.836,0.0087640695,0
451,7216,2025-07-21 02:29:38.989,0.008694525,0
452,7232,2025-07-21 02:29:46.384,0.008698164,0
453,7248,2025-07-21 02:29:53.501,0.008689197,0
454,7264,2025-07-21 02:30:01.220,0.008679873,0
455,7280,2025-07-21 02:30:03.453,0.0086944485,0
456,7296,2025-07-21 02:30:08.719,0.00868238,0
457,7312,2025-07-21 02:30:17.013,0.008681788,0
458,7328,2025-07-21 02:30:25.826,0.008685898,0
459,7344,2025-07-21 02:30:28.384,0.008679063,0
460,7360,2025-07-21 02:30:33.483,0.008715073,0
461,7376,2025-07-21 02:30:39.617,0.008723778,0
462,7392,2025-07-21 02:30:48.158,0.008722843,0
463,7408,2025-07-21 02:30:53.395,0.00872259,0
464,7424,2025-07-21 02:33:38.150,0.008694037,0
465,7440,2025-07-21 02:34:16.484,0.008698164,0
466,7456,2025-07-21 02:34:23.846,0.008689198,0
467,7472,2025-07-21 02:34:31.530,0.008679873,0
468,7488,2025-07-21 02:34:33.778,0.00871517,0
469,7504,2025-07-21 02:34:39.047,0.008780064,0
470,7520,2025-07-21 02:34:47.352,0.008781064,0
471,7536,2025-07-21 02:34:56.196,0.008788611,0
472,7552,2025-07-21 02:35:16.682,0.008759757,0
473,7568,2025-07-21 02:35:20.792,0.008690518,0
474,7584,2025-07-21 02:35:28.346,0.008701274,0
475,7600,2025-07-21 02:35:35.597,0.008688012,0
476,7616,2025-07-21 02:35:43.387,0.008679837,0
477,7632,2025-07-21 02:35:45.469,0.008694489,0
478,7648,2025-07-21 02:35:52.238,0.008688027,0
479,7664,2025-07-21 02:35:59.340,0.0086866515,0
480,7680,2025-07-21 02:36:08.097,0.008694586,0
481,7696,2025-07-21 02:36:10.499,0.0086864615,0
482,7712,2025-07-21 02:39:19.672,0.008689609,0
483,7728,2025-07-21 02:39:25.916,0.008697812,0
484,7744,2025-07-21 02:39:33.415,0.00869165,0
485,7760,2025-07-21 02:39:40.244,0.008683168,0
486,7776,2025-07-21 02:39:42.671,0.008686823,0
487,7792,2025-07-21 02:39:49.392,0.008689512,0
488,7808,2025-07-21 02:39:57.299,0.00868187,0
489,7824,2025-07-21 02:40:05.045,0.008681655,0
490,7840,2025-07-21 02:40:07.043,0.008690741,0
491,7856,2025-07-21 02:40:12.564,0.008682664,0
492,7872,2025-07-21 02:40:20.060,0.008681473,0
493,7888,2025-07-21 02:40:29.822,0.008685746,0
494,7904,2025-07-21 02:40:32.520,0.008683005,0
495,7920,2025-07-21 02:40:37.641,0.008690358,0
496,7936,2025-07-21 02:40:43.379,0.008693822,0
497,7952,2025-07-21 02:40:51.058,0.008692299,0
498,7968,2025-07-21 02:40:57.004,0.008683111,0
499,7984,2025-07-21 02:40:59.439,0.008686684,0
500,8000,2025-07-21 02:41:07.108,0.008693424,0
501,8016,2025-07-21 02:41:14.442,0.008685072,0
502,8032,2025-07-21 02:41:26.420,0.008681492,0
503,8048,2025-07-21 02:41:28.452,0.008691567,0
504,8064,2025-07-21 02:41:33.875,0.008683391,0
505,8080,2025-07-21 02:41:42.330,0.00868242,0
506,8096,2025-07-21 02:41:55.694,0.008686698,0
507,8112,2025-07-21 02:41:58.427,0.008679182,0
508,8128,2025-07-21 02:42:03.571,0.008687362,0
509,8144,2025-07-21 02:42:09.315,0.008689853,0
510,8160,2025-07-21 02:42:17.096,0.008688874,0
511,8176,2025-07-21 02:42:30.204,0.008688155,0
512,8192,2025-07-21 02:42:32.980,0.008686741,0
513,8208,2025-07-21 02:42:40.271,0.008697332,0
514,8224,2025-07-21 02:42:47.660,0.008688365,0
515,8240,2025-07-21 02:43:02.479,0.008679873,0
516,8256,2025-07-21 02:43:04.513,0.0086944485,0
517,8272,2025-07-21 02:43:10.019,0.008698993,0
518,8288,2025-07-21 02:43:18.322,0.008697166,0
519,8304,2025-07-21 02:47:12.994,0.008704823,0
520,8320,2025-07-21 02:47:15.414,0.008705367,0
521,8336,2025-07-21 02:47:21.138,0.008704216,0
522,8352,2025-07-21 02:47:36.487,0.008712038,0
523,8368,2025-07-21 02:47:44.150,0.008698613,0
524,8384,2025-07-21 02:49:05.051,0.008681596,0
525,8400,2025-07-21 02:49:07.043,0.008705641,0
526,8416,2025-07-21 02:49:18.450,0.008771907,0
527,8432,2025-07-21 02:49:25.895,0.008788028,0
528,8448,2025-07-21 02:49:35.662,0.00879078,0
529,8464,2025-07-21 02:49:53.571,0.00876035,0
530,8480,2025-07-21 02:49:57.208,0.008701363,0
531,8496,2025-07-21 02:50:04.830,0.008694255,0
532,8512,2025-07-21 02:50:12.034,0.008685904,0
533,8528,2025-07-21 02:50:19.752,0.008682324,0
534,8544,2025-07-21 02:50:21.806,0.00874254,0
535,8560,2025-07-21 02:50:27.222,0.00877564,0
536,8576,2025-07-21 02:50:35.822,0.008775512,0
537,8592,2025-07-21 02:50:47.860,0.0087756375,0
538,8608,2025-07-21 02:55:18.410,0.008725181,0
539,8624,2025-07-21 02:55:53.648,0.008683214,0
540,8640,2025-07-21 02:56:01.980,0.008682619,0
541,8656,2025-07-21 02:56:10.944,0.008686729,0
542,8672,2025-07-21 02:56:13.449,0.008688248,0
543,8688,2025-07-21 02:56:18.499,0.00869996,0
544,8704,2025-07-21 02:56:24.591,0.0087082395,0
545,8720,2025-07-21 02:56:33.956,0.008701903,0
546,8736,2025-07-21 02:57:34.971,0.008683305,0
547,8752,2025-07-21 02:57:36.717,0.008687655,0
548,8768,2025-07-21 02:57:49.525,0.008686437,0
549,8784,2025-07-21 02:57:57.861,0.008682707,0
550,8800,2025-07-21 02:58:07.501,0.008682642,0
551,8816,2025-07-21 02:58:09.494,0.008687681,0
552,8832,2025-07-21 02:58:14.982,0.008683513,0
553,8848,2025-07-21 02:58:22.424,0.0086823795,0
554,8864,2025-07-21 02:58:30.411,0.008690321,0
555,8880,2025-07-21 02:58:34.295,0.008691452,0
556,8896,2025-07-21 02:58:39.635,0.008701593,0
557,8912,2025-07-21 02:58:45.902,0.008711929,0
558,8928,2025-07-21 02:58:53.346,0.008698227,0
559,8944,2025-07-21 03:00:44.783,0.008681492,0
560,8960,2025-07-21 03:00:46.787,0.008691568,0
561,8976,2025-07-21 03:01:15.865,0.008683391,0
562,8992,2025-07-21 03:01:24.281,0.00868242,0
563,9008,2025-07-21 03:01:33.428,0.008686698,0
564,9024,2025-07-21 03:01:36.402,0.008679182,0
565,9040,2025-07-21 03:01:41.517,0.008687362,0
566,9056,2025-07-21 03:01:47.346,0.008689854,0
567,9072,2025-07-21 03:01:54.916,0.008688875,0
568,9088,2025-07-21 03:02:00.618,0.008688987,0
569,9104,2025-07-21 03:02:03.394,0.0086875735,0
570,9120,2025-07-21 03:02:10.682,0.008698164,0
571,9136,2025-07-21 03:02:17.859,0.008689275,0
572,9152,2025-07-21 03:02:31.706,0.008683183,0
573,9168,2025-07-21 03:02:33.922,0.008698827,0
574,9184,2025-07-21 03:02:39.280,0.00868999,0
575,9200,2025-07-21 03:02:47.731,0.008688085,0
576,9216,2025-07-21 03:30:48.073,0.008692512,0
577,9232,2025-07-21 03:32:12.775,0.00868387,0
578,9248,2025-07-21 03:32:15.195,0.008692351,0
579,9264,2025-07-21 03:32:37.267,0.008701866,0
580,9280,2025-07-21 03:32:44.690,0.00869198,0
581,9296,2025-07-21 03:33:18.326,0.008683305,0
582,9312,2025-07-21 03:33:20.194,0.008686824,0
583,9328,2025-07-21 03:33:26.950,0.008685606,0
584,9344,2025-07-21 03:33:35.452,0.008729697,0
585,9360,2025-07-21 03:34:55.977,0.008723149,0
586,9376,2025-07-21 03:34:57.972,0.008717649,0
587,9392,2025-07-21 03:35:03.461,0.008735731,0
588,9408,2025-07-21 03:35:31.463,0.00869996,0
589,9424,2025-07-21 03:35:37.498,0.0087082395,0
590,9440,2025-07-21 03:35:46.917,0.008701903,0
591,9456,2025-07-21 03:37:15.399,0.008683305,0
592,9472,2025-07-21 03:37:17.261,0.008686823,0
593,9488,2025-07-21 03:37:29.893,0.0086856065,0
594,9504,2025-07-21 03:37:38.378,0.008681877,0
595,9520,2025-07-21 03:37:47.739,0.00868181,0
596,9536,2025-07-21 03:37:49.791,0.008687681,0
597,9552,2025-07-21 03:37:55.277,0.008683513,0
598,9568,2025-07-21 03:38:02.814,0.0086823795,0
599,9584,2025-07-21 03:38:10.785,0.008690321,0
600,9600,2025-07-21 03:38:14.649,0.008683453,0
601,9616,2025-07-21 03:38:19.981,0.00868961,0
602,9632,2025-07-21 03:38:26.245,0.008697812,0
603,9648,2025-07-21 03:38:33.640,0.00869165,0
604,9664,2025-07-21 03:41:08.455,0.008683187,0
605,9680,2025-07-21 03:41:10.891,0.008686823,0
606,9696,2025-07-21 03:41:30.253,0.008689511,0
607,9712,2025-07-21 03:41:38.050,0.00868187,0
608,9728,2025-07-21 03:41:46.354,0.008681656,0
609,9744,2025-07-21 03:41:48.355,0.008691572,0
610,9760,2025-07-21 03:41:53.785,0.008687065,0
611,9776,2025-07-21 03:42:01.185,0.008695304,0
612,9792,2025-07-21 03:42:10.805,0.008698706,0
613,9808,2025-07-21 03:42:31.213,0.0086909775,0
614,9824,2025-07-21 03:49:48.602,0.00869352,0
615,9840,2025-07-21 03:50:56.286,0.008697494,0
616,9856,2025-07-21 03:51:03.703,0.008688365,0
617,9872,2025-07-21 03:52:05.863,0.008679873,0
618,9888,2025-07-21 03:52:08.117,0.0086944485,0
619,9904,2025-07-21 03:52:13.425,0.008682382,0
620,9920,2025-07-21 03:52:21.953,0.008681788,0
621,9936,2025-07-21 03:52:30.704,0.008685899,0
622,9952,2025-07-21 03:52:33.114,0.008679895,0
623,9968,2025-07-21 03:52:38.169,0.008684951,0
624,9984,2025-07-21 03:52:44.183,0.008686543,0
625,10000,2025-07-21 03:52:53.465,0.008689981,0
626,10016,2025-07-21 03:52:57.828,0.008687851,0
627,10032,2025-07-21 03:53:00.224,0.008690518,0
628,10048,2025-07-21 03:53:07.549,0.008701274,0
629,10064,2025-07-21 03:53:14.789,0.008688013,0
630,10080,2025-07-21 03:53:24.234,0.008679823,0
631,10096,2025-07-21 03:53:26.456,0.008690583,0
632,10112,2025-07-21 03:53:32.989,0.008682241,0
633,10128,2025-07-21 03:53:40.086,0.0087298555,0
634,10144,2025-07-21 03:53:54.752,0.00872313,0
635,10160,2025-07-21 03:53:57.167,0.008714421,0
636,10176,2025-07-21 03:54:02.378,0.00872601,0
637,10192,2025-07-21 03:54:29.666,0.008687361,0
638,10208,2025-07-21 03:54:35.396,0.008689853,0
639,10224,2025-07-21 03:54:43.203,0.008688874,0
640,10240,2025-07-21 03:54:49.673,0.008688985,0
641,10256,2025-07-21 03:54:52.461,0.008687573,0
642,10272,2025-07-21 03:54:59.813,0.008698163,0
643,10288,2025-07-21 03:55:07.119,0.008689197,0
644,10304,2025-07-21 03:55:17.048,0.008679873,0
645,10320,2025-07-21 03:55:19.353,0.0086944485,0
646,10336,2025-07-21 03:55:24.577,0.008682381,0
647,10352,2025-07-21 03:55:32.917,0.008681788,0
648,10368,2025-07-21 03:56:05.983,0.008685898,0
649,10384,2025-07-21 03:56:08.405,0.008688248,0
650,10400,2025-07-21 03:56:13.594,0.00869996,0
651,10416,2025-07-21 03:56:19.582,0.0087082395,0
652,10432,2025-07-21 03:56:28.977,0.008701903,0
653,10448,2025-07-21 03:57:28.337,0.008683305,0
654,10464,2025-07-21 03:57:30.175,0.008687015,0
655,10480,2025-07-21 03:57:42.686,0.008685606,0
656,10496,2025-07-21 03:57:51.070,0.008681876,0
657,10512,2025-07-21 03:58:04.205,0.008681811,0
658,10528,2025-07-21 03:58:06.157,0.008687489,0
659,10544,2025-07-21 03:58:11.678,0.008683513,0
660,10560,2025-07-21 03:58:19.036,0.008682379,0
661,10576,2025-07-21 03:58:26.975,0.008690322,0
662,10592,2025-07-21 03:58:42.700,0.008683453,0
663,10608,2025-07-21 03:58:48.149,0.008689609,0
664,10624,2025-07-21 03:58:54.323,0.008697813,0
665,10640,2025-07-21 03:59:01.694,0.00869165,0
666,10656,2025-07-21 03:59:30.809,0.008683186,0
667,10672,2025-07-21 03:59:33.251,0.008691369,0
668,10688,2025-07-21 03:59:39.997,0.008690342,0
669,10704,2025-07-21 03:59:47.833,0.008682702,0
670,10720,2025-07-21 04:00:19.150,0.0086824875,0
671,10736,2025-07-21 04:00:21.099,0.008687027,0
672,10752,2025-07-21 04:00:26.716,0.008682664,0
673,10768,2025-07-21 04:00:34.149,0.008681473,0
674,10784,2025-07-21 04:00:43.906,0.008685747,0
675,10800,2025-07-21 04:00:53.167,0.008683837,0
676,10816,2025-07-21 04:00:58.237,0.008691191,0
677,10832,2025-07-21 04:01:03.965,0.008694653,0
678,10848,2025-07-21 04:01:11.471,0.008693131,0
679,10864,2025-07-21 04:01:57.049,0.008683111,0
680,10880,2025-07-21 04:01:59.485,0.008687517,0
681,10896,2025-07-21 04:02:07.193,0.008694257,0
682,10912,2025-07-21 04:02:14.373,0.008685904,0
683,10928,2025-07-21 04:02:30.145,0.008682324,0
684,10944,2025-07-21 04:02:32.249,0.008691568,0
685,10960,2025-07-21 04:02:37.670,0.008683391,0
686,10976,2025-07-21 04:02:46.075,0.0086824205,0
687,10992,2025-07-21 04:03:00.956,0.008686698,0
688,11008,2025-07-21 04:03:03.791,0.008679182,0
689,11024,2025-07-21 04:03:08.950,0.008687362,0
690,11040,2025-07-21 04:03:15.091,0.008689853,0
691,11056,2025-07-21 04:03:22.877,0.008688874,0
692,11072,2025-07-21 04:03:35.522,0.008688155,0
693,11088,2025-07-21 04:03:38.275,0.008686741,0
694,11104,2025-07-21 04:03:45.659,0.008697332,0
695,11120,2025-07-21 04:03:52.957,0.008688365,0
696,11136,2025-07-21 04:04:51.582,0.008679873,0
697,11152,2025-07-21 04:04:53.815,0.00869528,0
698,11168,2025-07-21 04:04:59.016,0.008683206,0
699,11184,2025-07-21 04:05:07.392,0.00868262,0
700,11200,2025-07-21 04:05:23.687,0.00868673,0
701,11216,2025-07-21 04:05:26.090,0.008688247,0
702,11232,2025-07-21 04:05:37.760,0.008699968,0
703,11248,2025-07-21 04:05:43.772,0.0087082395,0
704,11264,2025-07-21 04:05:53.168,0.008701903,0
705,11280,2025-07-21 04:07:54.047,0.008683305,0
706,11296,2025-07-21 04:07:55.858,0.008686823,0
707,11312,2025-07-21 04:08:09.890,0.0086856065,0
708,11328,2025-07-21 04:08:18.249,0.008681876,0
709,11344,2025-07-21 04:08:26.761,0.008681811,0
710,11360,2025-07-21 04:08:28.805,0.008687681,0
711,11376,2025-07-21 04:08:34.272,0.008683513,0
712,11392,2025-07-21 04:08:41.750,0.008732771,0
713,11408,2025-07-21 04:08:49.833,0.008727882,0
714,11424,2025-07-21 04:08:53.722,0.008719949,0
715,11440,2025-07-21 04:08:59.074,0.008731717,0
716,11456,2025-07-21 04:09:09.330,0.008690518,0
717,11472,2025-07-21 04:09:19.863,0.008708798,0
718,11488,2025-07-21 04:09:27.047,0.0087353075,0
719,11504,2025-07-21 04:10:36.350,0.008721365,0
720,11520,2025-07-21 04:10:38.384,0.008719139,0
721,11536,2025-07-21 04:10:47.311,0.008722375,0
722,11552,2025-07-21 04:11:00.631,0.008683391,0
723,11568,2025-07-21 04:11:09.111,0.0086824205,0
724,11584,2025-07-21 04:11:17.523,0.008686698,0
725,11600,2025-07-21 04:11:20.268,0.008680015,0
726,11616,2025-07-21 04:11:25.369,0.008688194,0
727,11632,2025-07-21 04:11:31.208,0.008723436,0
728,11648,2025-07-21 04:11:38.985,0.008735961,0
729,11664,2025-07-21 04:11:44.655,0.008727794,0
730,11680,2025-07-21 04:11:47.411,0.008724694,0
731,11696,2025-07-21 04:12:00.006,0.008702391,0
732,11712,2025-07-21 04:12:21.693,0.008689511,0
733,11728,2025-07-21 04:12:29.480,0.008681869,0
734,11744,2025-07-21 04:12:47.183,0.008681656,0
735,11760,2025-07-21 04:12:49.133,0.008690741,0
736,11776,2025-07-21 04:13:02.108,0.008682663,0
737,11792,2025-07-21 04:13:09.517,0.008681474,0
738,11808,2025-07-21 04:13:19.131,0.008685747,0
739,11824,2025-07-21 04:13:22.754,0.008679733,0
740,11840,2025-07-21 04:13:27.790,0.008686567,0
741,11856,2025-07-21 04:13:33.605,0.008693822,0
742,11872,2025-07-21 04:13:41.289,0.008692301,0
743,11888,2025-07-21 04:13:53.189,0.008686382,0
744,11904,2025-07-21 04:13:55.618,0.008690477,0
745,11920,2025-07-21 04:14:03.366,0.008693424,0
746,11936,2025-07-21 04:14:10.632,0.008685072,0
747,11952,2025-07-21 04:14:25.594,0.008681491,0
748,11968,2025-07-21 04:14:27.617,0.008690736,0
749,11984,2025-07-21 04:14:33.042,0.008682641,0
750,12000,2025-07-21 04:14:41.592,0.008681589,0
751,12016,2025-07-21 04:14:57.071,0.008685866,0
752,12032,2025-07-21 04:14:59.867,0.008679183,0
753,12048,2025-07-21 04:15:05.018,0.008687281,0
754,12064,2025-07-21 04:15:10.753,0.008689854,0
755,12080,2025-07-21 04:15:18.397,0.008688874,0
756,12096,2025-07-21 04:15:40.045,0.008688155,0
757,12112,2025-07-21 04:15:42.804,0.008686741,0
758,12128,2025-07-21 04:15:50.006,0.008697332,0
759,12144,2025-07-21 04:15:57.186,0.008688365,0
760,12160,2025-07-21 04:16:12.946,0.008679873,0
761,12176,2025-07-21 04:16:15.030,0.0086944485,0
762,12192,2025-07-21 04:16:20.542,0.00868238,0
763,12208,2025-07-21 04:16:28.855,0.008681788,0
764,12224,2025-07-21 04:17:50.283,0.008685898,0
765,12240,2025-07-21 04:17:52.798,0.008679895,0
766,12256,2025-07-21 04:17:57.933,0.008684951,0
767,12272,2025-07-21 04:18:03.924,0.008686543,0
768,12288,2025-07-21 04:18:13.308,0.00868998,0
769,12304,2025-07-21 04:18:24.428,0.008687851,0
770,12320,2025-07-21 04:18:26.829,0.008690518,0
771,12336,2025-07-21 04:18:34.112,0.00870662,0
772,12352,2025-07-21 04:18:41.287,0.008693116,0
773,12368,2025-07-21 04:18:56.101,0.008684932,0
774,12384,2025-07-21 04:18:58.355,0.008705821,0
775,12400,2025-07-21 04:23:09.621,0.00869759,0
776,12416,2025-07-21 04:23:17.014,0.008700054,0
777,12432,2025-07-21 04:23:25.070,0.008702645,0
778,12448,2025-07-21 04:32:12.359,0.008683111,0
779,12464,2025-07-21 04:32:14.805,0.008686684,0
780,12480,2025-07-21 04:32:22.423,0.008693424,0
781,12496,2025-07-21 04:32:29.635,0.008685071,0
782,12512,2025-07-21 04:32:37.370,0.008681492,0
783,12528,2025-07-21 04:32:39.536,0.008690736,0
784,12544,2025-07-21 04:32:44.888,0.008682552,0
785,12560,2025-07-21 04:32:53.437,0.008681601,0
786,12576,2025-07-21 04:33:02.042,0.008685866,0
787,12592,2025-07-21 04:33:04.773,0.008680015,0
788,12608,2025-07-21 04:33:09.839,0.008688201,0
789,12624,2025-07-21 04:33:15.567,0.008690673,0
790,12640,2025-07-21 04:33:23.280,0.008689705,0
791,12656,2025-07-21 04:33:30.461,0.008688155,0
792,12672,2025-07-21 04:33:33.226,0.008686741,0
793,12688,2025-07-21 04:33:40.567,0.008697332,0
794,12704,2025-07-21 04:33:47.753,0.008688365,0
795,12720,2025-07-21 04:34:00.726,0.008679873,0
796,12736,2025-07-21 04:34:02.815,0.008695281,0
797,12752,2025-07-21 04:34:08.311,0.008683214,0
798,12768,2025-07-21 04:34:16.643,0.008682619,0
799,12784,2025-07-21 04:34:32.243,0.008686731,0
800,12800,2025-07-21 04:34:34.702,0.008679895,0
801,12816,2025-07-21 04:34:39.798,0.008684951,0
802,12832,2025-07-21 04:34:45.825,0.008686543,0
803,12848,2025-07-21 04:34:54.957,0.008689979,0
804,12864,2025-07-21 04:35:07.146,0.008688683,0
805,12880,2025-07-21 04:35:09.564,0.00869135,0
806,12896,2025-07-21 04:35:17.038,0.008702106,0
807,12912,2025-07-21 04:35:24.293,0.008688844,0
808,12928,2025-07-21 04:35:39.168,0.008679822,0
809,12944,2025-07-21 04:35:41.376,0.008691414,0
810,12960,2025-07-21 04:35:48.195,0.008683072,0
811,12976,2025-07-21 04:35:55.257,0.008682693,0
812,12992,2025-07-21 04:36:11.030,0.0086827045,0
813,13008,2025-07-21 04:36:13.441,0.008691865,0
814,13024,2025-07-21 04:36:18.641,0.00869691,0
815,13040,2025-07-21 04:36:24.624,0.008704118,0
816,13056,2025-07-21 04:36:34.195,0.008705893,0
817,13072,2025-07-21 04:37:25.532,0.008683187,0
818,13088,2025-07-21 04:37:27.962,0.0086876545,0
819,13104,2025-07-21 04:37:40.700,0.008690342,0
820,13120,2025-07-21 04:37:48.544,0.008682702,0
821,13136,2025-07-21 04:37:58.095,0.0086824875,0
822,13152,2025-07-21 04:38:00.139,0.00869074,0
823,13168,2025-07-21 04:38:05.628,0.008682663,0
824,13184,2025-07-21 04:38:13.168,0.008681473,0
825,13200,2025-07-21 04:38:22.860,0.008685747,0
826,13216,2025-07-21 04:38:25.965,0.008679466,0
827,13232,2025-07-21 04:38:31.169,0.008686567,0
828,13248,2025-07-21 04:38:36.951,0.008693822,0
829,13264,2025-07-21 04:38:44.527,0.008692301,0
830,13280,2025-07-21 04:38:55.602,0.0086929,0
831,13296,2025-07-21 04:38:58.038,0.008706488,0
832,13312,2025-07-21 04:39:05.668,0.008700561,0
833,13328,2025-07-21 04:39:12.807,0.008691494,0
834,13344,2025-07-21 04:40:23.954,0.008685898,0
835,13360,2025-07-21 04:40:26.376,0.008679894,0
836,13376,2025-07-21 04:40:37.359,0.008684959,0
837,13392,2025-07-21 04:40:43.431,0.008686543,0
838,13408,2025-07-21 04:40:52.626,0.00868998,0
839,13424,2025-07-21 04:40:58.739,0.008688683,0
840,13440,2025-07-21 04:41:01.149,0.00869135,0
841,13456,2025-07-21 04:41:08.585,0.008702106,0
842,13472,2025-07-21 04:41:15.775,0.008688844,0
843,13488,2025-07-21 04:41:23.606,0.008679822,0
844,13504,2025-07-21 04:41:25.947,0.008691414,0
845,13520,2025-07-21 04:41:32.567,0.008683073,0
846,13536,2025-07-21 04:41:39.563,0.008682693,0
847,13552,2025-07-21 04:41:54.106,0.0086827045,0
848,13568,2025-07-21 04:41:56.502,0.008692697,0
849,13584,2025-07-21 04:42:01.707,0.008697742,0
850,13600,2025-07-21 04:42:07.673,0.008704949,0
851,13616,2025-07-21 04:42:17.222,0.008706723,0
852,13632,2025-07-21 04:43:05.248,0.008683186,0
853,13648,2025-07-21 04:43:07.694,0.0086876545,0
854,13664,2025-07-21 04:43:20.311,0.008690342,0
855,13680,2025-07-21 04:43:28.262,0.008682701,0
856,13696,2025-07-21 04:43:37.645,0.0086824875,0
857,13712,2025-07-21 04:43:39.690,0.008690741,0
858,13728,2025-07-21 04:43:45.220,0.008682663,0
859,13744,2025-07-21 04:43:52.732,0.008681474,0
860,13760,2025-07-21 04:44:02.302,0.008685746,0
861,13776,2025-07-21 04:44:05.296,0.008683836,0
862,13792,2025-07-21 04:44:10.437,0.008691191,0
863,13808,2025-07-21 04:44:16.189,0.008694653,0
864,13824,2025-07-21 04:44:23.709,0.008693132,0
865,13840,2025-07-21 04:44:35.316,0.008683111,0
866,13856,2025-07-21 04:44:37.758,0.008686685,0
867,13872,2025-07-21 04:44:45.423,0.008693425,0
868,13888,2025-07-21 04:44:52.525,0.008685071,0
869,13904,2025-07-21 04:45:07.727,0.008681492,0
870,13920,2025-07-21 04:45:09.771,0.008691568,0
871,13936,2025-07-21 04:45:15.231,0.008683391,0
872,13952,2025-07-21 04:45:23.513,0.008682433,0
873,13968,2025-07-21 04:45:39.721,0.008686698,0
874,13984,2025-07-21 04:45:42.513,0.00869219,0
875,14000,2025-07-21 04:45:47.643,0.008699425,0
876,14016,2025-07-21 04:45:53.442,0.008711809,0
877,14032,2025-07-21 04:46:01.059,0.008701953,0
878,14048,2025-07-21 04:47:01.931,0.008679824,0
879,14064,2025-07-21 04:47:04.121,0.00869069,0
880,14080,2025-07-21 04:47:16.717,0.008682242,0
881,14096,2025-07-21 04:47:23.629,0.008681861,0
882,14112,2025-07-21 04:47:34.186,0.008681872,0
883,14128,2025-07-21 04:47:36.615,0.008691556,0
884,14144,2025-07-21 04:47:41.700,0.00869691,0
885,14160,2025-07-21 04:47:47.783,0.008704118,0
886,14176,2025-07-21 04:47:57.445,0.008705893,0
887,14192,2025-07-21 04:48:34.087,0.008683186,0
888,14208,2025-07-21 04:48:36.527,0.0086876545,0
889,14224,2025-07-21 04:48:49.223,0.008690342,0
890,14240,2025-07-21 04:48:56.948,0.008682701,0
891,14256,2025-07-21 04:49:09.774,0.0086824875,0
892,14272,2025-07-21 04:49:11.721,0.008690741,0
893,14288,2025-07-21 04:49:17.305,0.008682664,0
894,14304,2025-07-21 04:49:24.698,0.008681474,0
895,14320,2025-07-21 04:49:34.407,0.008685746,0
896,14336,2025-07-21 04:49:43.924,0.008683837,0
897,14352,2025-07-21 04:49:49.120,0.008691191,0
898,14368,2025-07-21 04:49:54.848,0.00873036,0
899,14384,2025-07-21 04:50:02.411,0.008763171,0
900,14400,2025-07-21 04:50:16.097,0.008743737,0
901,14416,2025-07-21 04:50:18.531,0.008740756,0
902,14432,2025-07-21 06:04:59.288,0.008724021,0
903,14448,2025-07-21 06:11:10.996,0.008683513,0
904,14464,2025-07-21 06:11:18.438,0.008682379,0
905,14480,2025-07-21 06:11:26.507,0.008690321,0
906,14496,2025-07-21 06:11:30.397,0.008684285,0
907,14512,2025-07-21 06:11:35.679,0.008690442,0
908,14528,2025-07-21 06:11:41.910,0.008698644,0
909,14544,2025-07-21 06:11:49.412,0.008692481,0
910,14560,2025-07-21 06:11:55.439,0.008683186,0
911,14576,2025-07-21 06:11:57.873,0.008687655,0
912,14592,2025-07-21 06:12:04.648,0.008690342,0
913,14608,2025-07-21 06:12:12.541,0.008682702,0
914,14624,2025-07-21 06:12:20.368,0.0086824875,0
915,14640,2025-07-21 06:12:22.406,0.008691573,0
916,14656,2025-07-21 06:12:27.880,0.008683495,0
917,14672,2025-07-21 06:12:35.350,0.008682305,0
918,14688,2025-07-21 06:12:45.089,0.008686579,0
919,14704,2025-07-21 06:12:47.822,0.008683004,0
920,14720,2025-07-21 06:12:52.915,0.008690359,0
921,14736,2025-07-21 06:12:58.707,0.008693822,0
922,14752,2025-07-21 06:13:06.470,0.0086923,0
923,14768,2025-07-21 06:13:12.217,0.008683111,0
924,14784,2025-07-21 06:13:14.652,0.008687516,0
925,14800,2025-07-21 06:13:22.278,0.008694256,0
926,14816,2025-07-21 06:13:29.387,0.008685904,0
927,14832,2025-07-21 06:13:37.175,0.008682324,0
928,14848,2025-07-21 06:13:39.359,0.008691568,0
929,14864,2025-07-21 06:13:44.657,0.008685949,0
930,14880,2025-07-21 06:13:53.217,0.008683994,0
931,14896,2025-07-21 06:14:01.588,0.008691777,0
932,14912,2025-07-21 06:14:04.368,0.008683885,0
933,14928,2025-07-21 06:14:48.379,0.008692352,0
934,14944,2025-07-21 06:15:30.705,0.008701866,0
935,14960,2025-07-21 06:15:38.233,0.0086919805,0
936,14976,2025-07-21 06:15:44.258,0.008683305,0
937,14992,2025-07-21 06:15:46.121,0.008686823,0
938,15008,2025-07-21 06:15:52.841,0.0086856065,0
939,15024,2025-07-21 06:16:01.351,0.008681877,0
940,15040,2025-07-21 06:16:09.308,0.008681811,0
941,15056,2025-07-21 06:16:11.262,0.008702566,0
942,15072,2025-07-21 06:16:16.677,0.008768672,0
943,15088,2025-07-21 06:16:24.202,0.008792097,0
944,15104,2025-07-21 06:16:32.180,0.008793875,0
945,15120,2025-07-21 06:19:06.161,0.008763658,0
946,15136,2025-07-21 06:19:12.608,0.008703179,0
947,15152,2025-07-21 06:19:48.476,0.00868951,0
948,15168,2025-07-21 06:19:56.390,0.00868187,0
949,15184,2025-07-21 06:20:04.131,0.008681656,0
950,15200,2025-07-21 06:20:06.075,0.00869074,0
951,15216,2025-07-21 06:20:11.604,0.008682663,0
952,15232,2025-07-21 06:20:19.133,0.008681473,0
953,15248,2025-07-21 06:20:28.944,0.008685746,0
954,15264,2025-07-21 06:20:31.717,0.008679449,0
955,15280,2025-07-21 06:20:36.853,0.008686567,0
956,15296,2025-07-21 06:20:42.695,0.008693822,0
957,15312,2025-07-21 06:20:50.331,0.008692301,0
958,15328,2025-07-21 06:20:56.018,0.008686665,0
959,15344,2025-07-21 06:20:58.452,0.008691308,0
960,15360,2025-07-21 06:21:06.134,0.008694256,0
961,15376,2025-07-21 06:21:13.288,0.008685904,0
962,15392,2025-07-21 06:21:21.268,0.008682323,0
963,15408,2025-07-21 06:21:23.322,0.008690736,0
964,15424,2025-07-21 06:21:28.686,0.008682641,0
965,15440,2025-07-21 06:21:37.072,0.0086816,0
966,15456,2025-07-21 06:21:45.675,0.008685866,0
967,15472,2025-07-21 06:21:48.453,0.008680015,0
968,15488,2025-07-21 06:21:53.565,0.008688113,0
969,15504,2025-07-21 06:21:59.445,0.008690673,0
970,15520,2025-07-21 06:22:07.197,0.008689705,0
971,15536,2025-07-21 06:22:12.924,0.008688155,0
972,15552,2025-07-21 06:22:15.695,0.008686742,0
973,15568,2025-07-21 06:22:23.066,0.008697331,0
974,15584,2025-07-21 06:22:30.407,0.008688365,0
975,15600,2025-07-21 06:22:38.198,0.008679873,0
976,15616,2025-07-21 06:22:40.314,0.0086944485,0
977,15632,2025-07-21 06:22:45.833,0.008682381,0
978,15648,2025-07-21 06:22:54.140,0.008681787,0
979,15664,2025-07-21 06:23:02.922,0.008685898,0
980,15680,2025-07-21 06:23:05.331,0.008679063,0
981,15696,2025-07-21 06:23:10.481,0.008684119,0
982,15712,2025-07-21 06:23:16.509,0.008685712,0
983,15728,2025-07-21 06:23:24.930,0.008689148,0
984,15744,2025-07-21 06:23:30.082,0.008687851,0
985,15760,2025-07-21 06:23:32.498,0.008690518,0
986,15776,2025-07-21 06:23:39.817,0.008701275,0
987,15792,2025-07-21 06:23:46.914,0.008688012,0
988,15808,2025-07-21 06:23:54.654,0.008679822,0
989,15824,2025-07-21 06:23:56.863,0.0086905835,0
990,15840,2025-07-21 06:24:03.455,0.0086844545,0
991,15856,2025-07-21 06:24:10.466,0.008683214,0
992,15872,2025-07-21 06:24:19.250,0.008687335,0
993,15888,2025-07-21 06:24:21.615,0.008687117,0
994,15904,2025-07-21 06:25:42.309,0.008690359,0
995,15920,2025-07-21 06:25:48.141,0.008693822,0
996,15936,2025-07-21 06:25:55.851,0.0086923,0
997,15952,2025-07-21 06:26:01.590,0.008683111,0
998,15968,2025-07-21 06:26:04.034,0.008687517,0
999,15984,2025-07-21 06:26:11.645,0.008694257,0
1000,16000,2025-07-21 06:26:18.936,0.008685904,0
1001,16016,2025-07-21 06:26:26.681,0.008682324,0
1002,16032,2025-07-21 06:26:28.789,0.008691568,0
1003,16048,2025-07-21 06:26:34.152,0.008683383,0
1004,16064,2025-07-21 06:26:42.752,0.008682433,0
1005,16080,2025-07-21 06:26:51.199,0.008686698,0
1006,16096,2025-07-21 06:26:54.000,0.008679182,0
1007,16112,2025-07-21 06:26:59.095,0.0086873695,0
1008,16128,2025-07-21 06:27:04.878,0.008689841,0
1009,16144,2025-07-21 06:27:12.646,0.008688874,0
1010,16160,2025-07-21 06:27:18.299,0.008688986,0
1011,16176,2025-07-21 06:27:21.080,0.008736889,0
1012,16192,2025-07-21 06:27:28.359,0.008793278,0
1013,16208,2025-07-21 06:27:35.552,0.008783718,0
1014,16224,2025-07-21 06:27:43.251,0.008778505,0
1015,16240,2025-07-21 06:31:52.643,0.008736927,0
1016,16256,2025-07-21 06:32:00.108,0.008684119,0
1017,16272,2025-07-21 06:32:06.152,0.008685711,0
1018,16288,2025-07-21 06:32:14.619,0.008689148,0
1019,16304,2025-07-21 06:32:19.857,0.008687851,0
1020,16320,2025-07-21 06:32:22.246,0.008690518,0
1021,16336,2025-07-21 06:32:29.724,0.008701275,0
1022,16352,2025-07-21 06:32:36.858,0.008688012,0
1023,16368,2025-07-21 06:32:44.675,0.008679822,0
1024,16384,2025-07-21 06:32:46.784,0.008691414,0
1025,16400,2025-07-21 06:32:53.359,0.008683072,0
1026,16416,2025-07-21 06:33:00.393,0.008682693,0
1027,16432,2025-07-21 06:33:09.105,0.008682705,0
1028,16448,2025-07-21 06:33:11.454,0.008683955,0
1029,16464,2025-07-21 06:33:16.599,0.008683945,0
1030,16480,2025-07-21 06:33:22.636,0.0086824205,0
1031,16496,2025-07-21 06:33:32.176,0.00868998,0
1032,16512,2025-07-21 06:33:36.094,0.008684701,0
1033,16528,2025-07-21 06:33:38.514,0.008693183,0
1034,16544,2025-07-21 06:33:47.525,0.008702696,0
1035,16560,2025-07-21 06:33:55.202,0.008692812,0
1036,16576,2025-07-21 06:34:01.249,0.008683305,0
1037,16592,2025-07-21 06:34:03.072,0.008686823,0
1038,16608,2025-07-21 06:34:09.810,0.008685606,0
1039,16624,2025-07-21 06:34:18.319,0.008681877,0
1040,16640,2025-07-21 06:34:26.115,0.008681811,0
1041,16656,2025-07-21 06:34:28.069,0.008686849,0
1042,16672,2025-07-21 06:34:33.510,0.008682681,0
1043,16688,2025-07-21 06:34:41.017,0.008681549,0
1044,16704,2025-07-21 06:34:49.113,0.008689489,0
1045,16720,2025-07-21 06:34:52.912,0.008680746,0
1046,16736,2025-07-21 06:34:58.319,0.008690442,0
1047,16752,2025-07-21 06:35:04.532,0.008698644,0
1048,16768,2025-07-21 06:35:12.028,0.008692481,0
1049,16784,2025-07-21 06:35:17.996,0.008686725,0
1050,16800,2025-07-21 06:35:20.420,0.008686823,0
1051,16816,2025-07-21 06:35:27.085,0.00868951,0
1052,16832,2025-07-21 06:35:34.905,0.008681871,0
1053,16848,2025-07-21 06:35:42.641,0.008681656,0
1054,16864,2025-07-21 06:35:44.739,0.008690741,0
1055,16880,2025-07-21 06:35:50.299,0.008682664,0
1056,16896,2025-07-21 06:35:57.790,0.008681474,0
1057,16912,2025-07-21 06:36:07.440,0.008685747,0
1058,16928,2025-07-21 06:36:10.105,0.008683005,0
1059,16944,2025-07-21 06:36:30.341,0.008690359,0
1060,16960,2025-07-21 06:36:36.054,0.008693821,0
1061,16976,2025-07-21 06:36:43.713,0.008692301,0
1062,16992,2025-07-21 06:36:49.529,0.00868311,0
1063,17008,2025-07-21 06:36:51.962,0.008687517,0
1064,17024,2025-07-21 06:36:59.569,0.008694257,0
1065,17040,2025-07-21 06:37:06.873,0.008685904,0
1066,17056,2025-07-21 06:37:14.700,0.008682324,0
1067,17072,2025-07-21 06:37:16.803,0.008690736,0
1068,17088,2025-07-21 06:37:22.123,0.008685118,0
1069,17104,2025-07-21 06:37:30.688,0.008683162,0
1070,17120,2025-07-21 06:37:39.095,0.008690946,0
1071,17136,2025-07-21 06:37:41.839,0.008684718,0
1072,17152,2025-07-21 06:41:38.963,0.008693183,0
1073,17168,2025-07-21 06:42:33.987,0.008702696,0
1074,17184,2025-07-21 06:42:41.519,0.008692811,0
1075,17200,2025-07-21 06:42:47.640,0.008683305,0
1076,17216,2025-07-21 06:42:49.417,0.008686823,0
1077,17232,2025-07-21 06:42:56.131,0.0086856065,0
1078,17248,2025-07-21 06:43:04.667,0.008681877,0
1079,17264,2025-07-21 06:43:12.460,0.008681811,0
1080,17280,2025-07-21 06:43:14.397,0.008687681,0
1081,17296,2025-07-21 06:43:19.821,0.008683513,0
1082,17312,2025-07-21 06:43:27.365,0.00868238,0
1083,17328,2025-07-21 06:43:35.491,0.008690321,0
1084,17344,2025-07-21 06:43:39.388,0.008686848,0
1085,17360,2025-07-21 06:43:44.676,0.008750485,0
1086,17376,2025-07-21 06:43:50.910,0.008800056,1
1087,17392,2025-07-21 06:43:58.404,0.008786251,0
1088,17408,2025-07-21 06:44:04.555,0.00877418,0
1089,17424,2025-07-21 06:44:26.165,0.008729421,0
1090,17440,2025-07-21 06:44:32.576,0.008682663,0
1091,17456,2025-07-21 06:44:40.014,0.008681474,0
1092,17472,2025-07-21 06:44:49.677,0.008685746,0
1093,17488,2025-07-21 06:44:52.354,0.008679466,0
1094,17504,2025-07-21 06:44:57.518,0.008690359,0
1095,17520,2025-07-21 06:45:03.318,0.008693821,0
1096,17536,2025-07-21 06:45:11.116,0.008692301,0
1097,17552,2025-07-21 06:45:16.851,0.008686649,0
1098,17568,2025-07-21 06:45:19.278,0.008686684,0
1099,17584,2025-07-21 06:45:26.948,0.008693424,0
1100,17600,2025-07-21 06:45:34.279,0.008685072,0
1101,17616,2025-07-21 06:45:42.011,0.008681493,0
1102,17632,2025-07-21 06:45:44.046,0.008690735,0
1103,17648,2025-07-21 06:45:49.469,0.00868256,0
1104,17664,2025-07-21 06:45:58.079,0.00868159,0
1105,17680,2025-07-21 06:46:06.431,0.008685866,0
1106,17696,2025-07-21 06:46:09.190,0.008686057,0
1107,17712,2025-07-21 06:46:14.249,0.00875797,0
1108,17728,2025-07-21 06:46:20.033,0.008799918,0
1109,17744,2025-07-21 06:46:27.738,0.0087899715,0
1110,17760,2025-07-21 06:46:33.468,0.0087738875,0
1111,17776,2025-07-21 06:46:50.290,0.008744036,0
1112,17792,2025-07-21 06:46:57.168,0.008780065,0
1113,17808,2025-07-21 06:47:05.660,0.008781064,0
1114,17824,2025-07-21 06:47:14.561,0.008788611,0
1115,17840,2025-07-21 06:47:35.529,0.008759756,0
1116,17856,2025-07-21 06:47:39.612,0.008690519,0
1117,17872,2025-07-21 06:47:47.038,0.008701275,0
1118,17888,2025-07-21 06:47:54.137,0.008688012,0
1119,17904,2025-07-21 06:48:01.880,0.008679822,0
1120,17920,2025-07-21 06:48:04.027,0.0087413965,0
1121,17936,2025-07-21 06:48:10.724,0.008760159,0
1122,17952,2025-07-21 06:48:17.907,0.008763648,0
1123,17968,2025-07-21 06:48:26.674,0.00876372,0
1124,17984,2025-07-21 06:50:56.127,0.008710369,0
1125,18000,2025-07-21 06:51:32.579,0.008686438,0
1126,18016,2025-07-21 06:51:41.011,0.008682708,0
1127,18032,2025-07-21 06:51:48.894,0.008682642,0
1128,18048,2025-07-21 06:51:50.835,0.008686966,0
1129,18064,2025-07-21 06:51:56.214,0.008682681,0
1130,18080,2025-07-21 06:52:03.759,0.008681549,0
1131,18096,2025-07-21 06:52:11.838,0.008689489,0
1132,18112,2025-07-21 06:52:15.722,0.008680746,0
1133,18128,2025-07-21 06:52:21.051,0.008690442,0
1134,18144,2025-07-21 06:52:27.290,0.008698644,0
1135,18160,2025-07-21 06:52:34.725,0.008692481,0
1136,18176,2025-07-21 06:52:40.781,0.008686725,0
1137,18192,2025-07-21 06:52:43.221,0.008686823,0
1138,18208,2025-07-21 06:52:49.992,0.008689512,0
1139,18224,2025-07-21 06:52:57.841,0.00868187,0
1140,18240,2025-07-21 06:53:05.590,0.008681655,0
1141,18256,2025-07-21 06:53:07.542,0.00869074,0
1142,18272,2025-07-21 06:53:13.073,0.008682663,0
1143,18288,2025-07-21 06:53:20.541,0.008681474,0
1144,18304,2025-07-21 06:53:30.144,0.008685746,0
1145,18320,2025-07-21 06:53:32.935,0.008683837,0
1146,18336,2025-07-21 06:53:38.049,0.00869119,0
1147,18352,2025-07-21 06:53:43.819,0.008694653,0
1148,18368,2025-07-21 06:53:51.684,0.008693132,0
1149,18384,2025-07-21 06:53:57.482,0.008683111,0
1150,18400,2025-07-21 06:53:59.916,0.008730013,0
1151,18416,2025-07-21 06:54:07.531,0.008791273,0
1152,18432,2025-07-21 06:54:14.713,0.008824381,1
1153,18448,2025-07-21 06:54:22.432,0.008815132,1
1154,18464,2025-07-21 06:54:46.150,0.008775311,0
1155,18480,2025-07-21 06:58:10.629,0.008737476,0
1156,18496,2025-07-21 06:58:56.414,0.008697404,0
1157,18512,2025-07-21 06:59:04.252,0.008696239,0
1158,18528,2025-07-21 06:59:13.814,0.008696931,0
1159,18544,2025-07-21 06:59:16.026,0.008697352,0
1160,18560,2025-07-21 06:59:20.497,0.008707724,0
1161,18576,2025-07-21 06:59:25.723,0.008731284,0
1162,18592,2025-07-21 06:59:32.257,0.008750814,0
1163,18608,2025-07-21 06:59:39.781,0.008724667,0
1164,18624,2025-07-21 06:59:41.634,0.00872873,0
1165,18640,2025-07-21 06:59:57.452,0.008732057,0
1166,18656,2025-07-21 07:00:15.532,0.008697403,0
1167,18672,2025-07-21 07:00:23.352,0.008696239,0
1168,18688,2025-07-21 07:00:32.907,0.008696931,0
1169,18704,2025-07-21 07:00:35.144,0.008697352,0
1170,18720,2025-07-21 07:00:39.620,0.008707724,0
1171,18736,2025-07-21 07:00:44.967,0.008716574,0
1172,18752,2025-07-21 07:00:51.601,0.008703499,0
1173,18768,2025-07-21 07:00:59.144,0.008696967,0
1174,18784,2025-07-21 07:01:00.994,0.008708115,0
1175,18800,2025-07-21 07:01:23.695,0.008700601,0
1176,18816,2025-07-21 07:01:31.551,0.008696442,0
1177,18832,2025-07-21 07:01:40.008,0.00869337,0
1178,18848,2025-07-21 07:01:41.958,0.008695851,0
1179,18864,2025-07-21 07:01:46.377,0.008704548,0
1180,18880,2025-07-21 07:01:51.944,0.008707441,0
1181,18896,2025-07-21 07:01:59.260,0.008699378,0
1182,18912,2025-07-21 07:02:05.699,0.0086968215,0
1183,18928,2025-07-21 07:02:08.132,0.008704188,0
1184,18944,2025-07-21 07:02:15.075,0.008708359,0
1185,18960,2025-07-21 07:02:21.622,0.008699715,0
1186,18976,2025-07-21 07:02:30.192,0.0086892815,0
1187,18992,2025-07-21 07:02:31.790,0.008700355,0
1188,19008,2025-07-21 07:02:54.196,0.0086991135,0
1189,19024,2025-07-21 07:03:01.098,0.008700277,0
1190,19040,2025-07-21 07:03:08.801,0.008704469,0
1191,19056,2025-07-21 07:03:13.643,0.008699899,0
1192,19072,2025-07-21 07:03:16.129,0.008707114,0
1193,19088,2025-07-21 07:03:22.698,0.008715154,0
1194,19104,2025-07-21 07:03:29.258,0.008698559,0
1195,19120,2025-07-21 07:03:38.042,0.008688131,0
1196,19136,2025-07-21 07:03:39.751,0.008704352,0
1197,19152,2025-07-21 07:03:44.535,0.008697615,0
1198,19168,2025-07-21 07:03:52.502,0.008746582,0
1199,19184,2025-07-21 07:04:00.507,0.008735272,0
1200,19200,2025-07-21 07:04:03.597,0.00872333,0
1201,19216,2025-07-21 07:04:08.250,0.008743765,0
1202,19232,2025-07-21 07:04:19.142,0.008707945,0
1203,19248,2025-07-21 07:04:39.538,0.008715985,0
1204,19264,2025-07-21 07:04:46.050,0.008699392,0
1205,19280,2025-07-21 07:04:54.808,0.008688964,0
1206,19296,2025-07-21 07:04:56.470,0.008704353,0
1207,19312,2025-07-21 07:05:01.216,0.008697615,0
1208,19328,2025-07-21 07:05:09.049,0.008746582,0
1209,19344,2025-07-21 07:05:17.012,0.008735273,0
1210,19360,2025-07-21 07:05:20.117,0.00872333,0
1211,19376,2025-07-21 07:05:24.725,0.008743764,0
1212,19392,2025-07-21 07:05:37.656,0.008707114,0
1213,19408,2025-07-21 07:05:58.333,0.008715154,0
1214,19424,2025-07-21 07:06:04.873,0.008701921,0
1215,19440,2025-07-21 07:06:13.634,0.008748109,0
1216,19456,2025-07-21 07:06:15.394,0.008758927,0
1217,19472,2025-07-21 07:06:20.216,0.008757554,0
1218,19488,2025-07-21 07:08:59.764,0.008773717,0
1219,19504,2025-07-21 07:10:05.748,0.008723447,0
1220,19520,2025-07-21 07:10:40.751,0.008703601,0
1221,19536,2025-07-21 07:10:48.147,0.008695632,0
1222,19552,2025-07-21 07:10:56.627,0.008699133,0
1223,19568,2025-07-21 07:10:58.627,0.008703188,0
1224,19584,2025-07-21 07:11:03.148,0.008711772,0
1225,19600,2025-07-21 07:11:08.695,0.00871898,0
1226,19616,2025-07-21 07:12:35.400,0.008703494,0
1227,19632,2025-07-21 07:12:42.888,0.008700433,0
1228,19648,2025-07-21 07:12:45.323,0.008707092,0
1229,19664,2025-07-21 07:12:51.383,0.008703601,0
1230,19680,2025-07-21 07:12:58.722,0.008695632,0
1231,19696,2025-07-21 07:13:08.800,0.008688512,0
1232,19712,2025-07-21 07:13:10.792,0.00869593,0
1233,19728,2025-07-21 07:13:17.628,0.008701558,0
1234,19744,2025-07-21 07:13:23.112,0.008703509,0
1235,19760,2025-07-21 07:13:32.243,0.008699944,0
1236,19776,2025-07-21 07:13:36.999,0.008700242,0
1237,19792,2025-07-21 07:13:39.758,0.008703296,0
1238,19808,2025-07-21 07:13:46.823,0.00871124,0
1239,19824,2025-07-21 07:13:53.657,0.0087023,0
1240,19840,2025-07-21 07:14:02.125,0.008688296,0
1241,19856,2025-07-21 07:14:03.742,0.008704224,0
1242,19872,2025-07-21 07:14:08.593,0.008698035,0
1243,19888,2025-07-21 07:14:15.569,0.008696183,0
1244,19904,2025-07-21 07:14:24.882,0.00870761,0
1245,19920,2025-07-21 07:14:28.030,0.008705959,0
1246,19936,2025-07-21 07:14:30.510,0.008714651,0
1247,19952,2025-07-21 07:14:38.318,0.008726069,0
1248,19968,2025-07-21 07:15:04.563,0.0087023,0
1249,19984,2025-07-21 07:15:13.057,0.008688296,0
1250,20000,2025-07-21 07:15:14.668,0.008704224,0
1251,20016,2025-07-21 07:15:19.563,0.008698035,0
1252,20032,2025-07-21 07:15:26.513,0.008696184,0
1253,20048,2025-07-21 07:15:35.833,0.008700646,0
1254,20064,2025-07-21 07:15:40.282,0.008700962,0
1255,20080,2025-07-21 07:15:42.775,0.008705187,0
1256,20096,2025-07-21 07:15:53.196,0.008719252,0
1257,20112,2025-07-21 07:15:59.534,0.008702421,0
1258,20128,2025-07-21 07:16:07.391,0.008690029,0
1259,20144,2025-07-21 07:16:09.278,0.008707296,0
1260,20160,2025-07-21 07:16:13.829,0.008696571,0
1261,20176,2025-07-21 07:16:21.563,0.008695409,0
1262,20192,2025-07-21 07:16:31.156,0.008696101,0
1263,20208,2025-07-21 07:16:33.457,0.008696522,0
1264,20224,2025-07-21 07:16:37.977,0.008706891,0
1265,20240,2025-07-21 07:16:43.193,0.008715742,0
1266,20256,2025-07-21 07:16:49.827,0.008709398,0
1267,20272,2025-07-21 07:16:57.461,0.008700031,0
1268,20288,2025-07-21 07:16:59.207,0.008713871,0
1269,20304,2025-07-21 07:17:05.367,0.0087076975,0
1270,20320,2025-07-21 07:17:28.643,0.008696239,0
1271,20336,2025-07-21 07:17:38.196,0.008696931,0
1272,20352,2025-07-21 07:17:40.435,0.008696522,0
1273,20368,2025-07-21 07:17:44.902,0.008706892,0
1274,20384,2025-07-21 07:17:50.353,0.008715742,0
1275,20400,2025-07-21 07:17:56.841,0.008702667,0
1276,20416,2025-07-21 07:18:04.441,0.008696967,0
1277,20432,2025-07-21 07:18:06.275,0.008708115,0
1278,20448,2025-07-21 07:18:12.426,0.0087006,0
1279,20464,2025-07-21 07:18:20.185,0.008729234,0
1280,20480,2025-07-21 07:18:28.716,0.008748315,0
1281,20496,2025-07-21 07:18:30.659,0.008725358,0
1282,20512,2025-07-21 07:18:35.264,0.008744784,0
1283,20528,2025-07-21 07:21:09.353,0.008735101,0
1284,20544,2025-07-21 07:21:46.977,0.0086972695,0
1285,20560,2025-07-21 07:21:53.641,0.008696348,0
1286,20576,2025-07-21 07:22:03.181,0.0086933365,0
1287,20592,2025-07-21 07:22:05.470,0.00869353,0
1288,20608,2025-07-21 07:22:09.948,0.008704665,0
1289,20624,2025-07-21 07:22:15.229,0.008712415,0
1290,20640,2025-07-21 07:22:21.899,0.008703495,0
1291,20656,2025-07-21 07:22:29.386,0.008700433,0
1292,20672,2025-07-21 07:22:31.825,0.008707923,0
1293,20688,2025-07-21 07:22:37.872,0.008706647,0
1294,20704,2025-07-21 07:22:45.205,0.008697817,0
1295,20720,2025-07-21 07:22:53.685,0.008694806,0
1296,20736,2025-07-21 07:22:55.625,0.008701466,0
1297,20752,2025-07-21 07:24:27.627,0.008707724,0
1298,20768,2025-07-21 07:24:32.950,0.008716574,0
1299,20784,2025-07-21 07:24:39.586,0.008703499,0
1300,20800,2025-07-21 07:24:47.073,0.008696966,0
1301,20816,2025-07-21 07:24:48.708,0.008708115,0
1302,20832,2025-07-21 07:24:54.866,0.008700601,0
1303,20848,2025-07-21 07:25:02.631,0.008696442,0
1304,20864,2025-07-21 07:25:11.151,0.008693369,0
1305,20880,2025-07-21 07:25:13.100,0.008692295,0
1306,20896,2025-07-21 07:25:17.502,0.008704549,0
1307,20912,2025-07-21 07:25:23.211,0.008707441,0
1308,20928,2025-07-21 07:25:30.524,0.008699378,0
1309,20944,2025-07-21 07:25:37.073,0.008700377,0
1310,20960,2025-07-21 07:25:39.508,0.008703548,0
1311,20976,2025-07-21 07:25:46.485,0.008707526,0
1312,20992,2025-07-21 07:25:53.198,0.0086988835,0
1313,21008,2025-07-21 07:26:01.698,0.008688451,0
1314,21024,2025-07-21 07:26:03.310,0.008700164,0
1315,21040,2025-07-21 07:26:08.101,0.0086991135,0
1316,21056,2025-07-21 07:26:15.067,0.008713833,0
1317,21072,2025-07-21 07:26:22.744,0.008708972,0
1318,21088,2025-07-21 07:26:27.623,0.008701315,0
1319,21104,2025-07-21 07:26:30.113,0.008714743,0
1320,21120,2025-07-21 07:28:09.865,0.008703601,0
1321,21136,2025-07-21 07:28:17.251,0.008695632,0
1322,21152,2025-07-21 07:28:25.745,0.008688512,0
1323,21168,2025-07-21 07:28:27.738,0.00869593,0
1324,21184,2025-07-21 07:28:32.205,0.008701558,0
1325,21200,2025-07-21 07:28:37.738,0.008703509,0
1326,21216,2025-07-21 07:28:46.979,0.008699944,0
1327,21232,2025-07-21 07:28:51.684,0.008700301,0
1328,21248,2025-07-21 07:28:54.459,0.008703296,0
1329,21264,2025-07-21 07:29:01.181,0.00871124,0
1330,21280,2025-07-21 07:29:07.811,0.0087023,0
1331,21296,2025-07-21 07:29:16.277,0.008688236,0
1332,21312,2025-07-21 07:29:17.892,0.008704224,0
1333,21328,2025-07-21 07:29:22.751,0.008698035,0
1334,21344,2025-07-21 07:29:29.787,0.008696183,0
1335,21360,2025-07-21 07:29:39.062,0.008700646,0
1336,21376,2025-07-21 07:29:42.154,0.008700962,0
1337,21392,2025-07-21 07:29:44.655,0.008705188,0
1338,21408,2025-07-21 07:29:52.603,0.008719252,0
1339,21424,2025-07-21 07:29:58.985,0.00870242,0
1340,21440,2025-07-21 07:30:06.810,0.008690029,0
1341,21456,2025-07-21 07:30:08.705,0.008726625,0
1342,21472,2025-07-21 07:30:13.291,0.008786647,0
1343,21488,2025-07-21 07:30:21.247,0.008802793,1
1344,21504,2025-07-21 07:30:30.829,0.008795324,0
1345,21520,2025-07-21 07:30:46.066,0.008774063,0
1346,21536,2025-07-21 07:30:49.687,0.008718227,0
1347,21552,2025-07-21 07:30:56.648,0.008708359,0
1348,21568,2025-07-21 07:31:03.259,0.008747527,0
1349,21584,2025-07-21 07:31:11.839,0.008723982,0
1350,21600,2025-07-21 07:31:13.401,0.008724098,0
1351,21616,2025-07-21 07:31:18.204,0.008744167,0
1352,21632,2025-07-21 07:31:44.952,0.008705387,0
1353,21648,2025-07-21 07:31:50.548,0.008708273,0
1354,21664,2025-07-21 07:31:57.821,0.008700209,0
1355,21680,2025-07-21 07:32:04.334,0.0086968215,0
1356,21696,2025-07-21 07:32:06.759,0.008703357,0
1357,21712,2025-07-21 07:32:13.676,0.008707526,0
1358,21728,2025-07-21 07:32:20.237,0.0086988835,0
1359,21744,2025-07-21 07:32:28.715,0.008688451,0
1360,21760,2025-07-21 07:32:30.316,0.008699523,0
1361,21776,2025-07-21 07:32:52.106,0.008698282,0
1362,21792,2025-07-21 07:32:59.088,0.008699445,0
1363,21808,2025-07-21 07:33:06.693,0.008703637,0
1364,21824,2025-07-21 07:33:11.610,0.008699899,0
1365,21840,2025-07-21 07:33:14.084,0.008707114,0
1366,21856,2025-07-21 07:33:20.854,0.008715153,0
1367,21872,2025-07-21 07:33:27.387,0.00869856,0
1368,21888,2025-07-21 07:33:36.183,0.008688132,0
1369,21904,2025-07-21 07:33:37.947,0.008704353,0
1370,21920,2025-07-21 07:33:42.696,0.008697615,0
1371,21936,2025-07-21 07:33:50.649,0.008696191,0
1372,21952,2025-07-21 07:33:58.696,0.008704351,0
1373,21968,2025-07-21 07:34:01.788,0.008701357,0
1374,21984,2025-07-21 07:34:06.505,0.008706951,0
1375,22000,2025-07-21 07:34:12.315,0.008720003,0
1376,22016,2025-07-21 07:34:18.604,0.008725066,0
1377,22032,2025-07-21 07:34:26.413,0.008700396,0
1378,22048,2025-07-21 07:34:28.028,0.008709221,0
1379,22064,2025-07-21 07:34:34.277,0.008720203,0
1380,22080,2025-07-21 07:35:37.749,0.008707113,0
1381,22096,2025-07-21 07:35:46.346,0.008715154,0
1382,22112,2025-07-21 07:35:53.079,0.008717635,0
1383,22128,2025-07-21 07:36:01.904,0.0087438645,0
1384,22144,2025-07-21 07:36:03.622,0.008730578,0
1385,22160,2025-07-21 07:36:08.761,0.008731485,0
1386,22176,2025-07-21 07:37:25.450,0.008728118,0
1387,22192,2025-07-21 07:44:41.125,0.008688194,0
1388,22208,2025-07-21 07:44:46.858,0.008690523,0
1389,22224,2025-07-21 07:44:54.672,0.008689706,0
1390,22240,2025-07-21 07:45:00.460,0.008686629,0
1391,22256,2025-07-21 07:45:03.211,0.008687573,0
1392,22272,2025-07-21 07:45:10.507,0.008698326,0
1393,22288,2025-07-21 07:45:17.840,0.008689196,0
1394,22304,2025-07-21 07:45:25.473,0.0086822305,0
1395,22320,2025-07-21 07:45:27.735,0.0086944485,0
1396,22336,2025-07-21 07:45:33.048,0.008682382,0
1397,22352,2025-07-21 07:45:41.556,0.008681788,0
1398,22368,2025-07-21 07:45:50.417,0.008685899,0
1399,22384,2025-07-21 07:45:52.893,0.008679063,0
1400,22400,2025-07-21 07:45:57.934,0.008684119,0
1401,22416,2025-07-21 07:46:03.951,0.008685711,0
1402,22432,2025-07-21 07:46:12.402,0.008689148,0
1403,22448,2025-07-21 07:46:17.956,0.008688682,0
1404,22464,2025-07-21 07:46:20.359,0.008691351,0
1405,22480,2025-07-21 07:46:27.855,0.008702107,0
1406,22496,2025-07-21 07:46:35.112,0.008688845,0
1407,22512,2025-07-21 07:46:42.864,0.008679822,0
1408,22528,2025-07-21 07:46:45.045,0.008690583,0
1409,22544,2025-07-21 07:46:51.824,0.008682242,0
1410,22560,2025-07-21 07:46:58.923,0.008681862,0
1411,22576,2025-07-21 07:47:07.625,0.008681873,0
1412,22592,2025-07-21 07:47:10.096,0.008696891,0
1413,22608,2025-07-21 07:47:15.147,0.008766198,0
1414,22624,2025-07-21 07:47:21.231,0.008797018,0
1415,22640,2025-07-21 07:47:31.029,0.008794692,0
1416,22656,2025-07-21 07:47:34.536,0.008766971,0
1417,22672,2025-07-21 07:48:15.353,0.008710487,0
1418,22688,2025-07-21 07:48:22.924,0.008686438,0
1419,22704,2025-07-21 07:48:31.170,0.008682708,0
1420,22720,2025-07-21 07:48:39.055,0.008682643,0
1421,22736,2025-07-21 07:48:40.999,0.008686848,0
1422,22752,2025-07-21 07:48:46.526,0.008682681,0
1423,22768,2025-07-21 07:48:54.046,0.008681547,0
1424,22784,2025-07-21 07:49:02.020,0.00868949,0
1425,22800,2025-07-21 07:49:05.831,0.008684285,0
1426,22816,2025-07-21 07:49:11.169,0.008690442,0
1427,22832,2025-07-21 07:49:17.391,0.008698645,0
1428,22848,2025-07-21 07:49:24.918,0.008692481,0
1429,22864,2025-07-21 07:49:30.843,0.008683186,0
1430,22880,2025-07-21 07:49:33.282,0.008686823,0
1431,22896,2025-07-21 07:49:39.973,0.008689511,0
1432,22912,2025-07-21 07:49:47.771,0.008723936,0
1433,22928,2025-07-21 07:49:55.548,0.00872626,0
1434,22944,2025-07-21 07:49:57.502,0.0087232925,0
1435,22960,2025-07-21 07:50:03.048,0.0087279845,0
1436,22976,2025-07-21 07:53:01.785,0.00869352,0
1437,22992,2025-07-21 07:54:05.329,0.008697494,0
1438,23008,2025-07-21 07:54:12.616,0.008688365,0
1439,23024,2025-07-21 07:54:20.362,0.008679874,0
1440,23040,2025-07-21 07:54:22.527,0.008715171,0
1441,23056,2025-07-21 07:54:27.884,0.008780064,0
1442,23072,2025-07-21 07:54:36.343,0.008781064,0
1443,23088,2025-07-21 07:54:45.184,0.008788611,0
1444,23104,2025-07-21 07:55:00.335,0.008759756,0
1445,23120,2025-07-21 07:55:04.427,0.008690721,0
1446,23136,2025-07-21 07:55:11.752,0.008701274,0
1447,23152,2025-07-21 07:55:18.897,0.008688012,0
1448,23168,2025-07-21 07:55:26.722,0.008679824,0
1449,23184,2025-07-21 07:55:28.824,0.0086903805,0
1450,23200,2025-07-21 07:55:35.486,0.008682242,0
1451,23216,2025-07-21 07:55:42.704,0.008681862,0
1452,23232,2025-07-21 07:55:51.544,0.008681872,0
1453,23248,2025-07-21 07:55:53.897,0.008683954,0
1454,23264,2025-07-21 07:55:59.048,0.008683945,0
1455,23280,2025-07-21 07:56:05.080,0.0086824205,0
1456,23296,2025-07-21 07:56:14.843,0.00868998,0
1457,23312,2025-07-21 07:56:18.751,0.008711414,0
1458,23328,2025-07-21 07:56:21.153,0.008762201,0
1459,23344,2025-07-21 07:56:30.155,0.008763725,0
1460,23360,2025-07-21 07:56:37.865,0.008756166,0
1461,23376,2025-07-21 07:59:14.867,0.008733899,0
1462,23392,2025-07-21 07:59:51.334,0.008689891,0
1463,23408,2025-07-21 07:59:57.313,0.008731145,0
1464,23424,2025-07-21 08:00:06.975,0.008725254,0
1465,23440,2025-07-21 08:00:10.981,0.008711141,0
1466,23456,2025-07-21 08:02:57.834,0.008723992,0
1467,23472,2025-07-21 08:03:35.392,0.008685373,0
1468,23488,2025-07-21 08:03:43.940,0.008684075,0
1469,23504,2025-07-21 08:03:52.742,0.008692113,0
1470,23520,2025-07-21 08:03:55.249,0.008684315,0
1471,23536,2025-07-21 08:09:32.885,0.008751316,0
1472,23552,2025-07-21 08:09:39.072,0.0088008875,1
1473,23568,2025-07-21 08:09:46.729,0.008787083,0
1474,23584,2025-07-21 08:09:52.852,0.008777576,0
1475,23600,2025-07-21 08:10:10.994,0.008729421,0
1476,23616,2025-07-21 08:10:17.462,0.008682663,0
1477,23632,2025-07-21 08:10:24.922,0.008681473,0
1478,23648,2025-07-21 08:10:34.861,0.008685747,0
1479,23664,2025-07-21 08:10:37.520,0.008680298,0
1480,23680,2025-07-21 08:10:42.734,0.008687398,0
1481,23696,2025-07-21 08:10:48.536,0.008694653,0
1482,23712,2025-07-21 08:10:56.251,0.008693133,0
1483,23728,2025-07-21 08:11:02.018,0.008686649,0
1484,23744,2025-07-21 08:11:04.451,0.008691308,0
1485,23760,2025-07-21 08:11:12.173,0.008694255,0
1486,23776,2025-07-21 08:11:19.402,0.008685904,0
1487,23792,2025-07-21 08:11:27.135,0.008682324,0
1488,23808,2025-07-21 08:11:29.157,0.008691568,0
1489,23824,2025-07-21 08:11:34.521,0.008683391,0
1490,23840,2025-07-21 08:11:42.899,0.0086824205,0
1491,23856,2025-07-21 08:11:51.381,0.008686697,0
1492,23872,2025-07-21 08:11:54.078,0.008706317,0
1493,23888,2025-07-21 08:11:59.214,0.00876349,0
1494,23904,2025-07-21 08:12:04.990,0.008763741,0
1495,23920,2025-07-21 08:12:12.782,0.008763697,0
1496,23936,2025-07-21 08:14:35.350,0.008737758,0
1497,23952,2025-07-21 08:15:11.703,0.008684951,0
1498,23968,2025-07-21 08:15:17.804,0.008686543,0
1499,23984,2025-07-21 08:15:26.169,0.008689979,0
1500,24000,2025-07-21 08:15:31.361,0.008687851,0
1501,24016,2025-07-21 08:15:33.765,0.008690518,0
1502,24032,2025-07-21 08:15:41.056,0.008701275,0
1503,24048,2025-07-21 08:15:48.213,0.008688012,0
1504,24064,2025-07-21 08:15:56.015,0.008679822,0
1505,24080,2025-07-21 08:15:58.135,0.0086905835,0
1506,24096,2025-07-21 08:16:04.953,0.008682242,0
1507,24112,2025-07-21 08:16:12.022,0.008681861,0
1508,24128,2025-07-21 08:16:20.825,0.008681873,0
1509,24144,2025-07-21 08:16:23.272,0.008683124,0
1510,24160,2025-07-21 08:16:28.395,0.008683112,0
1511,24176,2025-07-21 08:16:34.424,0.008681589,0
1512,24192,2025-07-21 08:16:44.012,0.008689149,0
1513,24208,2025-07-21 08:16:47.891,0.008684701,0
1514,24224,2025-07-21 08:16:50.292,0.008693184,0
1515,24240,2025-07-21 08:16:59.254,0.008702696,0
1516,24256,2025-07-21 08:17:06.834,0.008692811,0
1517,24272,2025-07-21 08:17:12.961,0.008683305,0
1518,24288,2025-07-21 08:17:14.699,0.008686823,0
1519,24304,2025-07-21 08:17:21.459,0.0086856065,0
1520,24320,2025-07-21 08:17:29.918,0.008681876,0
1521,24336,2025-07-21 08:17:37.818,0.008681811,0
1522,24352,2025-07-21 08:17:39.713,0.008687681,0
1523,24368,2025-07-21 08:17:45.148,0.008683513,0
1524,24384,2025-07-21 08:17:52.577,0.0086823795,0
1525,24400,2025-07-21 08:18:00.486,0.008690321,0
1526,24416,2025-07-21 08:18:04.277,0.008679914,0
1527,24432,2025-07-21 08:18:09.567,0.008689609,0
1528,24448,2025-07-21 08:18:15.845,0.008697813,0
1529,24464,2025-07-21 08:18:23.146,0.008691649,0
1530,24480,2025-07-21 08:18:29.142,0.008686725,0
1531,24496,2025-07-21 08:18:31.575,0.008686823,0
1532,24512,2025-07-21 08:18:38.537,0.00868951,0
1533,24528,2025-07-21 08:18:46.293,0.008681871,0
1534,24544,2025-07-21 08:18:54.012,0.008681656,0
1535,24560,2025-07-21 08:18:56.059,0.008691572,0
1536,24576,2025-07-21 08:19:02.045,0.008683495,0
1537,24592,2025-07-21 08:19:09.463,0.008682306,0
1538,24608,2025-07-21 08:19:19.011,0.008686579,0
1539,24624,2025-07-21 08:19:21.709,0.008683005,0
1540,24640,2025-07-21 08:19:27.344,0.008690359,0
1541,24656,2025-07-21 08:19:33.083,0.008693822,0
1542,24672,2025-07-21 08:19:40.767,0.008692301,0
1543,24688,2025-07-21 08:19:46.425,0.008683111,0
1544,24704,2025-07-21 08:19:48.862,0.008687517,0
1545,24720,2025-07-21 08:20:14.299,0.008694257,0
1546,24736,2025-07-21 08:20:21.562,0.008685905,0
1547,24752,2025-07-21 08:20:29.230,0.008682324,0
1548,24768,2025-07-21 08:20:31.329,0.0087084,0
1549,24784,2025-07-21 08:20:36.678,0.008772348,0
1550,24800,2025-07-21 08:20:45.105,0.008802739,1
1551,24816,2025-07-21 08:20:53.611,0.008800636,1
1552,24832,2025-07-21 08:22:14.542,0.00876724,0
1553,24848,2025-07-21 08:23:12.511,0.008744152,0
1554,24864,2025-07-21 08:23:49.195,0.008781851,0
1555,24880,2025-07-21 08:23:57.522,0.008801351,1
1556,24896,2025-07-21 08:24:05.332,0.008803064,1
1557,24912,2025-07-21 08:24:37.967,0.008759105,0
1558,24928,2025-07-21 08:24:51.655,0.008744023,0
1559,24944,2025-07-21 08:31:48.741,0.008785738,0
1560,24960,2025-07-21 08:31:56.558,0.008776908,0
1561,24976,2025-07-21 08:32:04.302,0.0087809665,0
1562,24992,2025-07-21 08:32:27.096,0.008746271,0
1563,25008,2025-07-21 08:32:34.354,0.008754196,0
1564,25024,2025-07-21 08:32:40.122,0.008799978,1
1565,25040,2025-07-21 08:32:47.758,0.008790105,0
1566,25056,2025-07-21 08:32:53.425,0.008777334,0
1567,25072,2025-07-21 08:33:08.790,0.008743148,0
1568,25088,2025-07-21 08:33:15.369,0.008775701,0
1569,25104,2025-07-21 08:33:23.907,0.008784175,0
1570,25120,2025-07-21 08:33:32.307,0.008787473,0
1571,25136,2025-07-21 08:33:59.741,0.0087640695,0
1572,25152,2025-07-21 08:34:03.698,0.008694525,0
1573,25168,2025-07-21 08:34:10.965,0.008698163,0
1574,25184,2025-07-21 08:34:18.212,0.008689197,0
1575,25200,2025-07-21 08:34:25.875,0.008679874,0
1576,25216,2025-07-21 08:34:28.153,0.0086944485,0
1577,25232,2025-07-21 08:34:33.470,0.008682383,0
1578,25248,2025-07-21 08:34:41.987,0.008681788,0
1579,25264,2025-07-21 08:34:50.892,0.008685898,0
1580,25280,2025-07-21 08:34:53.302,0.008679063,0
1581,25296,2025-07-21 08:34:58.403,0.008684119,0
1582,25312,2025-07-21 08:35:04.413,0.008685711,0
1583,25328,2025-07-21 08:35:12.811,0.008689148,0
1584,25344,2025-07-21 08:35:18.009,0.008687851,0
1585,25360,2025-07-21 08:35:20.433,0.008690518,0
1586,25376,2025-07-21 08:35:27.766,0.008701275,0
1587,25392,2025-07-21 08:35:35.037,0.008688013,0
1588,25408,2025-07-21 08:35:42.796,0.008679824,0
1589,25424,2025-07-21 08:35:44.952,0.008690583,0
1590,25440,2025-07-21 08:35:51.579,0.008682242,0
1591,25456,2025-07-21 08:35:58.584,0.008681862,0
1592,25472,2025-07-21 08:36:07.335,0.008681873,0
1593,25488,2025-07-21 08:36:09.733,0.00869606,0
1594,25504,2025-07-21 08:36:14.929,0.008765365,0
1595,25520,2025-07-21 08:36:20.920,0.008796186,0
1596,25536,2025-07-21 08:36:30.575,0.008793861,0
1597,25552,2025-07-21 08:36:34.065,0.008766971,0
1598,25568,2025-07-21 08:37:12.948,0.008743053,0
1599,25584,2025-07-21 08:37:20.433,0.0087810205,0
1600,25600,2025-07-21 08:37:28.776,0.008776157,0
1601,25616,2025-07-21 08:37:36.697,0.008784033,0
1602,25632,2025-07-21 08:38:16.311,0.008749635,0
1603,25648,2025-07-21 08:38:23.287,0.008689609,0
1604,25664,2025-07-21 08:38:29.576,0.008697812,0
1605,25680,2025-07-21 08:38:37.074,0.00869165,0
1606,25696,2025-07-21 08:38:43.062,0.008683186,0
1607,25712,2025-07-21 08:38:45.491,0.008686823,0
1608,25728,2025-07-21 08:38:52.186,0.008689511,0
1609,25744,2025-07-21 08:38:59.965,0.008681871,0
1610,25760,2025-07-21 08:39:07.758,0.008681656,0
1611,25776,2025-07-21 08:39:09.699,0.008691572,0
1612,25792,2025-07-21 08:39:15.214,0.008683495,0
1613,25808,2025-07-21 08:39:22.675,0.008682305,0
1614,25824,2025-07-21 08:39:32.543,0.008686579,0
1615,25840,2025-07-21 08:39:35.203,0.008683837,0
1616,25856,2025-07-21 08:39:40.361,0.008687398,0
1617,25872,2025-07-21 08:39:46.128,0.008694653,0
1618,25888,2025-07-21 08:39:53.672,0.008693133,0
1619,25904,2025-07-21 08:39:59.454,0.00868311,0
1620,25920,2025-07-21 08:40:01.880,0.008691308,0
1621,25936,2025-07-21 08:40:09.498,0.008694256,0
1622,25952,2025-07-21 08:40:16.808,0.008685904,0
1623,25968,2025-07-21 08:40:24.686,0.008682324,0
1624,25984,2025-07-21 08:40:26.733,0.008707568,0
1625,26000,2025-07-21 08:40:32.100,0.008775701,0
1626,26016,2025-07-21 08:40:40.640,0.008784175,0
1627,26032,2025-07-21 08:40:49.155,0.00880081,1
1628,26048,2025-07-21 08:42:06.200,0.008768234,0
1629,26064,2025-07-21 08:42:10.356,0.008703158,0
1630,26080,2025-07-21 08:42:17.824,0.008704148,0
1631,26096,2025-07-21 08:42:44.746,0.00868187,0
1632,26112,2025-07-21 08:42:52.529,0.008681656,0
1633,26128,2025-07-21 08:42:54.586,0.008691572,0
1634,26144,2025-07-21 08:43:00.785,0.008719561,0
1635,26160,2025-07-21 08:43:08.214,0.008719232,0
1636,26176,2025-07-21 08:43:18.091,0.008719396,0
1637,26192,2025-07-21 08:43:20.895,0.008731058,0
1638,26208,2025-07-21 08:45:11.084,0.008766197,0
1639,26224,2025-07-21 08:45:17.122,0.008797018,0
1640,26240,2025-07-21 08:45:27.052,0.008801422,1
1641,26256,2025-07-21 08:45:30.598,0.0088071935,1
1642,26272,2025-07-21 08:51:49.495,0.0087978635,0
1643,26288,2025-07-21 08:51:57.094,0.0087665,0
1644,26304,2025-07-21 08:52:23.877,0.008766151,0
1645,26320,2025-07-21 08:53:51.137,0.008741709,0
1646,26336,2025-07-21 08:54:27.093,0.008687362,0
1647,26352,2025-07-21 08:54:32.871,0.008718151,0
1648,26368,2025-07-21 08:54:40.479,0.008748071,0
1649,26384,2025-07-21 08:54:46.181,0.008776455,0
1650,26400,2025-07-21 08:54:48.938,0.00876744,0
1651,26416,2025-07-21 09:06:01.110,0.008743223,0
1652,26432,2025-07-21 09:06:24.217,0.008743865,0
1653,26448,2025-07-21 09:08:27.451,0.008772738,0
1654,26464,2025-07-21 09:08:34.886,0.0087888595,0
1655,26480,2025-07-21 09:08:44.610,0.008801526,1
1656,26496,2025-07-21 09:09:10.094,0.008766971,0
1657,26512,2025-07-21 09:09:13.820,0.008743512,0
1658,26528,2025-07-21 09:09:21.487,0.00879585,0
1659,26544,2025-07-21 09:09:47.264,0.008786963,0
1660,26560,2025-07-21 09:09:55.097,0.008794349,0
1661,26576,2025-07-21 09:10:12.248,0.008759617,0
1662,26592,2025-07-21 09:10:19.316,0.008699029,0
1663,26608,2025-07-21 09:10:39.458,0.008701275,0
1664,26624,2025-07-21 09:10:46.535,0.008688013,0
1665,26640,2025-07-21 09:10:54.494,0.008679824,0
1666,26656,2025-07-21 09:10:56.699,0.00871839,0
1667,26672,2025-07-21 09:11:20.830,0.008778919,0
1668,26688,2025-07-21 09:11:27.985,0.008777015,0
1669,26704,2025-07-21 09:11:36.729,0.008784585,0
1670,26720,2025-07-21 09:12:53.266,0.00875358,0
1671,26736,2025-07-21 09:12:57.439,0.008693184,0
1672,26752,2025-07-21 09:13:16.854,0.008702697,0
1673,26768,2025-07-21 09:13:24.513,0.008692811,0
1674,26784,2025-07-21 09:13:30.637,0.008689875,0
1675,26800,2025-07-21 09:13:32.357,0.008700194,0
1676,26816,2025-07-21 09:13:56.593,0.008692679,0
1677,26832,2025-07-21 09:14:05.088,0.00868852,0
1678,26848,2025-07-21 09:14:47.594,0.008685898,0
1679,26864,2025-07-21 09:14:50.101,0.008679063,0
1680,26880,2025-07-21 09:14:59.057,0.008684119,0
1681,26896,2025-07-21 09:15:05.200,0.008725755,0
1682,26912,2025-07-21 09:15:13.579,0.008731032,0
1683,26928,2025-07-21 09:15:18.765,0.008724144,0
1684,26944,2025-07-21 09:15:21.165,0.008728165,0
1685,26960,2025-07-21 09:15:36.061,0.008743724,0
1686,26976,2025-07-21 09:16:36.407,0.008789549,0
1687,26992,2025-07-21 09:16:43.616,0.008780223,0
1688,27008,2025-07-21 09:16:51.420,0.008780922,0
1689,27024,2025-07-21 09:17:36.004,0.008739323,0
1690,27040,2025-07-21 09:17:54.127,0.008687361,0
1691,27056,2025-07-21 09:17:59.883,0.008689854,0
1692,27072,2025-07-21 09:18:07.490,0.008688875,0
1693,27088,2025-07-21 09:18:13.207,0.008702089,0
1694,27104,2025-07-21 09:18:15.976,0.00877222,0
1695,27120,2025-07-21 09:18:23.560,0.00877157,0
1696,27136,2025-07-21 09:18:30.901,0.008785722,0
1697,27152,2025-07-21 09:21:34.359,0.008766753,0
1698,27168,2025-07-21 09:21:38.725,0.0087000225,0
1699,27184,2025-07-21 09:22:33.744,0.008708063,0
1700,27200,2025-07-21 09:23:23.756,0.008688432,0
1701,27216,2025-07-21 09:23:31.547,0.008688432,0
1702,27232,2025-07-21 09:23:33.573,0.00869643,0
1703,27248,2025-07-21 09:23:39.056,0.008689693,0
1704,27264,2025-07-21 09:24:17.222,0.008684907,0
1705,27280,2025-07-21 09:24:25.110,0.00868949,0
1706,27296,2025-07-21 09:24:29.071,0.008687678,0
1707,27312,2025-07-21 09:24:35.422,0.008751316,0
1708,27328,2025-07-21 09:24:41.616,0.008800887,1
1709,27344,2025-07-21 09:24:49.103,0.008787083,0
1710,27360,2025-07-21 09:24:55.030,0.00877418,0
1711,27376,2025-07-21 09:25:25.040,0.0087294215,0
1712,27392,2025-07-21 09:25:31.519,0.008682664,0
1713,27408,2025-07-21 09:25:38.988,0.008681473,0
1714,27424,2025-07-21 09:25:49.063,0.008685747,0
1715,27440,2025-07-21 09:25:51.801,0.008683005,0
1716,27456,2025-07-21 09:25:56.932,0.008690359,0
1717,27472,2025-07-21 09:26:02.725,0.008693822,0
1718,27488,2025-07-21 09:26:10.551,0.008692301,0
1719,27504,2025-07-21 09:26:16.223,0.00868311,0
1720,27520,2025-07-21 09:26:18.663,0.008687516,0
1721,27536,2025-07-21 09:26:26.344,0.008694257,0
1722,27552,2025-07-21 09:26:33.681,0.008685904,0
1723,27568,2025-07-21 09:26:41.435,0.008682324,0
1724,27584,2025-07-21 09:26:43.504,0.0087084,0
1725,27600,2025-07-21 09:27:22.729,0.008776532,0
1726,27616,2025-07-21 09:27:31.260,0.008785007,0
1727,27632,2025-07-21 09:27:39.693,0.008788304,0
1728,27648,2025-07-21 09:28:05.955,0.0087640695,0
1729,27664,2025-07-21 09:28:10.034,0.008694525,0
1730,27680,2025-07-21 09:28:17.461,0.008698164,0
1731,27696,2025-07-21 09:28:24.863,0.008689198,0
1732,27712,2025-07-21 09:28:32.637,0.008679873,0
1733,27728,2025-07-21 09:28:34.750,0.0086944485,0
1734,27744,2025-07-21 09:28:40.241,0.008682381,0
1735,27760,2025-07-21 09:28:48.575,0.008681788,0
1736,27776,2025-07-21 09:28:57.479,0.008685898,0
1737,27792,2025-07-21 09:28:59.887,0.008679895,0
1738,27808,2025-07-21 09:29:05.096,0.008684951,0
1739,27824,2025-07-21 09:29:11.103,0.0087001,0
1740,27840,2025-07-21 09:29:19.400,0.008697864,0
1741,27856,2025-07-21 09:29:24.624,0.008687666,0
1742,27872,2025-07-21 09:29:27.033,0.008695306,0
1743,27888,2025-07-21 09:36:40.605,0.008690342,0
1744,27904,2025-07-21 09:36:48.499,0.008682702,0
1745,27920,2025-07-21 09:36:56.245,0.008682428,0
1746,27936,2025-07-21 09:36:58.195,0.008691572,0
1747,27952,2025-07-21 09:37:03.687,0.008683495,0
1748,27968,2025-07-21 09:37:11.154,0.008682306,0
1749,27984,2025-07-21 09:37:20.835,0.008686578,0
1750,28000,2025-07-21 09:37:23.556,0.008683004,0
1751,28016,2025-07-21 09:37:28.666,0.008690359,0
1752,28032,2025-07-21 09:37:34.497,0.008693822,0
1753,28048,2025-07-21 09:37:42.209,0.008735107,0
1754,28064,2025-07-21 09:37:47.849,0.008716366,0
1755,28080,2025-07-21 09:37:50.273,0.00871339,0
1756,28096,2025-07-21 09:38:00.908,0.008731828,0
1757,28112,2025-07-21 09:42:21.796,0.008683945,0
1758,28128,2025-07-21 09:42:27.779,0.0086824205,0
1759,28144,2025-07-21 09:42:37.426,0.00868998,0
1760,28160,2025-07-21 09:42:41.403,0.00868387,0
1761,28176,2025-07-21 09:42:43.812,0.008692352,0
1762,28192,2025-07-21 09:42:52.740,0.008701866,0
1763,28208,2025-07-21 09:43:00.341,0.00869198,0
1764,28224,2025-07-21 09:43:06.476,0.008749657,0
1765,28240,2025-07-21 09:43:08.230,0.008770256,0
1766,28256,2025-07-21 09:43:15.024,0.008762569,0
1767,28272,2025-07-21 09:44:43.914,0.008764797,0
1768,28288,2025-07-21 09:44:49.575,0.008715524,0
1769,28304,2025-07-21 09:57:07.831,0.008683213,0
1770,28320,2025-07-21 09:57:16.343,0.008682619,0
1771,28336,2025-07-21 09:57:25.136,0.008686731,0
1772,28352,2025-07-21 09:57:27.645,0.008679895,0
1773,28368,2025-07-21 09:57:32.701,0.008684951,0
1774,28384,2025-07-21 09:57:38.703,0.008686543,0
1775,28400,2025-07-21 09:57:47.104,0.008689981,0
1776,28416,2025-07-21 09:57:52.502,0.008688683,0
1777,28432,2025-07-21 09:57:54.897,0.008691553,0
1778,28448,2025-07-21 09:58:02.209,0.008702106,0
1779,28464,2025-07-21 09:58:09.385,0.008688844,0
1780,28480,2025-07-21 09:58:17.090,0.008679824,0
1781,28496,2025-07-21 09:58:19.323,0.008690572,0
1782,28512,2025-07-21 09:58:54.137,0.008682242,0
1783,28528,2025-07-21 09:59:01.362,0.008681861,0
1784,28544,2025-07-21 09:59:10.136,0.008681873,0
1785,28560,2025-07-21 09:59:12.546,0.008682906,0
1786,28576,2025-07-21 09:59:17.643,0.00868381,0
1787,28592,2025-07-21 09:59:23.674,0.00868159,0
1788,28608,2025-07-21 09:59:33.170,0.008689148,0
1789,28624,2025-07-21 09:59:37.169,0.008684726,0
1790,28640,2025-07-21 09:59:39.585,0.008692485,0
1791,28656,2025-07-21 09:59:48.549,0.008702696,0
1792,28672,2025-07-21 09:59:56.113,0.008692811,0
1793,28688,2025-07-21 10:00:02.150,0.008683305,0
1794,28704,2025-07-21 10:00:04.042,0.008686824,0
1795,28720,2025-07-21 10:00:10.686,0.008685606,0
1796,28736,2025-07-21 10:00:19.011,0.008681877,0
1797,28752,2025-07-21 10:00:26.879,0.00868181,0
1798,28768,2025-07-21 10:00:28.828,0.008686848,0
1799,28784,2025-07-21 10:00:34.212,0.008682681,0
1800,28800,2025-07-21 10:00:41.753,0.008681547,0
1801,28816,2025-07-21 10:00:49.811,0.00868949,0
1802,28832,2025-07-21 10:00:53.606,0.008684284,0
1803,28848,2025-07-21 10:00:58.900,0.008690442,0
1804,28864,2025-07-21 10:01:05.214,0.008698645,0
1805,28880,2025-07-21 10:01:12.706,0.008692481,0
1806,28896,2025-07-21 10:01:18.696,0.008683186,0
1807,28912,2025-07-21 10:01:21.139,0.008686823,0
1808,28928,2025-07-21 10:01:27.796,0.00868951,0
1809,28944,2025-07-21 10:01:35.589,0.00868187,0
1810,28960,2025-07-21 10:01:43.350,0.008681656,0
1811,28976,2025-07-21 10:01:45.291,0.008690741,0
1812,28992,2025-07-21 10:01:50.814,0.008682664,0
1813,29008,2025-07-21 10:01:58.317,0.008681474,0
1814,29024,2025-07-21 10:02:08.127,0.008685747,0
1815,29040,2025-07-21 10:02:10.883,0.008683837,0
1816,29056,2025-07-21 10:02:15.979,0.008691191,0
1817,29072,2025-07-21 10:02:21.795,0.008694653,0
1818,29088,2025-07-21 10:02:29.282,0.008693133,0
1819,29104,2025-07-21 10:02:35.065,0.008683111,0
1820,29120,2025-07-21 10:02:37.509,0.008686684,0
1821,29136,2025-07-21 10:02:45.204,0.008693424,0
1822,29152,2025-07-21 10:02:52.461,0.008685072,0
1823,29168,2025-07-21 10:03:00.166,0.008681492,0
1824,29184,2025-07-21 10:03:02.272,0.008691568,0
1825,29200,2025-07-21 10:03:07.666,0.008683391,0
1826,29216,2025-07-21 10:03:16.034,0.0086824205,0
1827,29232,2025-07-21 10:03:24.422,0.008686698,0
1828,29248,2025-07-21 10:03:27.254,0.008679182,0
1829,29264,2025-07-21 10:03:32.515,0.008687362,0
1830,29280,2025-07-21 10:03:38.306,0.008689691,0
1831,29296,2025-07-21 10:03:45.893,0.008688874,0
1832,29312,2025-07-21 10:03:51.545,0.008688155,0
1833,29328,2025-07-21 10:03:54.315,0.008686742,0
1834,29344,2025-07-21 10:04:01.820,0.008697494,0
1835,29360,2025-07-21 10:04:09.047,0.008688365,0
1836,29376,2025-07-21 10:04:16.767,0.008679873,0
1837,29392,2025-07-21 10:04:18.994,0.0086944485,0
1838,29408,2025-07-21 10:04:24.357,0.008682381,0
1839,29424,2025-07-21 10:04:32.824,0.008681788,0
1840,29440,2025-07-21 10:04:41.529,0.008685898,0
1841,29456,2025-07-21 10:04:43.941,0.008679063,0
1842,29472,2025-07-21 10:04:49.181,0.008684119,0
1843,29488,2025-07-21 10:04:55.255,0.008685712,0
1844,29504,2025-07-21 10:05:03.659,0.008689148,0
1845,29520,2025-07-21 10:05:08.752,0.008687851,0
1846,29536,2025-07-21 10:05:11.161,0.008690518,0
1847,29552,2025-07-21 10:05:18.789,0.008701275,0
1848,29568,2025-07-21 10:05:25.857,0.008688012,0
1849,29584,2025-07-21 10:05:33.583,0.008679822,0
1850,29600,2025-07-21 10:05:35.539,0.0086905835,0
1851,29616,2025-07-21 10:05:42.579,0.008682242,0
1852,29632,2025-07-21 10:05:49.675,0.008681862,0
1853,29648,2025-07-21 10:05:58.333,0.008681872,0
1854,29664,2025-07-21 10:06:00.688,0.008683954,0
1855,29680,2025-07-21 10:06:06.156,0.008683944,0
1856,29696,2025-07-21 10:06:12.272,0.0086824205,0
1857,29712,2025-07-21 10:06:21.927,0.00868998,0
1858,29728,2025-07-21 10:06:25.817,0.008683871,0
1859,29744,2025-07-21 10:06:28.214,0.008692351,0
1860,29760,2025-07-21 10:06:37.507,0.00870701,0
1861,29776,2025-07-21 10:06:44.965,0.008693687,0
1862,29792,2025-07-21 10:06:51.014,0.008684727,0
1863,29808,2025-07-21 10:06:52.866,0.008694529,0
1864,29824,2025-07-21 10:09:30.711,0.00868256,0
1865,29840,2025-07-21 10:09:39.261,0.008681589,0
1866,29856,2025-07-21 10:09:47.682,0.008685866,0
1867,29872,2025-07-21 10:09:50.365,0.008679184,0
1868,29888,2025-07-21 10:09:55.464,0.008687361,0
1869,29904,2025-07-21 10:10:01.291,0.008689691,0
1870,29920,2025-07-21 10:10:08.833,0.008688874,0
1871,29936,2025-07-21 10:10:14.509,0.008688986,0
1872,29952,2025-07-21 10:10:17.282,0.008687573,0
1873,29968,2025-07-21 10:10:24.496,0.008732848,0
1874,29984,2025-07-21 10:10:31.769,0.008746189,0
1875,30000,2025-07-21 10:10:39.437,0.00873874,0
1876,30016,2025-07-21 10:10:41.720,0.008737055,0
1877,30032,2025-07-21 10:11:09.888,0.0087032225,0
1878,30048,2025-07-21 10:11:17.528,0.008690342,0
1879,30064,2025-07-21 10:11:25.441,0.008682702,0
1880,30080,2025-07-21 10:11:33.167,0.0086824875,0
1881,30096,2025-07-21 10:11:35.168,0.00869074,0
1882,30112,2025-07-21 10:11:40.746,0.008682663,0
1883,30128,2025-07-21 10:11:48.226,0.008681473,0
1884,30144,2025-07-21 10:11:57.948,0.008685747,0
1885,30160,2025-07-21 10:12:00.654,0.008683004,0
1886,30176,2025-07-21 10:12:05.767,0.008690359,0
1887,30192,2025-07-21 10:12:11.553,0.008693822,0
1888,30208,2025-07-21 10:12:19.130,0.008692299,0
1889,30224,2025-07-21 10:12:24.817,0.008683111,0
1890,30240,2025-07-21 10:12:27.248,0.008687517,0
1891,30256,2025-07-21 10:12:34.863,0.008694257,0
1892,30272,2025-07-21 10:12:42.014,0.008685904,0
1893,30288,2025-07-21 10:12:49.750,0.008682324,0
1894,30304,2025-07-21 10:12:51.741,0.008690736,0
1895,30320,2025-07-21 10:13:12.608,0.00868256,0
1896,30336,2025-07-21 10:13:20.954,0.008681589,0
1897,30352,2025-07-21 10:13:29.353,0.008685866,0
1898,30368,2025-07-21 10:13:32.182,0.008680015,0
1899,30384,2025-07-21 10:13:37.277,0.008688194,0
1900,30400,2025-07-21 10:13:43.112,0.008690685,0
1901,30416,2025-07-21 10:13:50.851,0.008689705,0
1902,30432,2025-07-21 10:13:56.507,0.008688155,0
1903,30448,2025-07-21 10:13:59.278,0.008686742,0
1904,30464,2025-07-21 10:14:06.501,0.008697332,0
1905,30480,2025-07-21 10:14:13.738,0.008688365,0
1906,30496,2025-07-21 10:14:21.533,0.008679873,0
1907,30512,2025-07-21 10:14:23.674,0.0086944485,0
1908,30528,2025-07-21 10:14:45.669,0.008682293,0
1909,30544,2025-07-21 10:14:54.143,0.008681788,0
1910,30560,2025-07-21 10:15:02.850,0.008685898,0
1911,30576,2025-07-21 10:15:05.312,0.008679063,0
1912,30592,2025-07-21 10:15:10.342,0.008684208,0
1913,30608,2025-07-21 10:15:16.419,0.008685713,0
1914,30624,2025-07-21 10:15:24.653,0.008689148,0
1915,30640,2025-07-21 10:15:29.881,0.008687851,0
1916,30656,2025-07-21 10:15:32.301,0.008690518,0
1917,30672,2025-07-21 10:15:39.607,0.008703067,0
1918,30688,2025-07-21 10:15:46.644,0.008689754,0
1919,30704,2025-07-21 10:15:54.451,0.008681411,0
1920,30720,2025-07-21 10:15:56.609,0.008694695,0
1921,30736,2025-07-21 10:17:48.048,0.008682664,0
1922,30752,2025-07-21 10:17:55.632,0.008681474,0
1923,30768,2025-07-21 10:18:05.311,0.008685746,0
1924,30784,2025-07-21 10:18:08.041,0.008683004,0
1925,30800,2025-07-21 10:18:13.093,0.008690359,0
1926,30816,2025-07-21 10:18:18.822,0.008693822,0
1927,30832,2025-07-21 10:18:26.436,0.008692299,0
1928,30848,2025-07-21 10:18:32.235,0.008683111,0
1929,30864,2025-07-21 10:18:34.673,0.008687516,0
1930,30880,2025-07-21 10:18:42.370,0.008694257,0
1931,30896,2025-07-21 10:18:49.672,0.008685904,0
1932,30912,2025-07-21 10:18:57.430,0.008682324,0
1933,30928,2025-07-21 10:18:59.431,0.008691568,0
1934,30944,2025-07-21 10:19:04.888,0.008683391,0
1935,30960,2025-07-21 10:19:13.471,0.0086824205,0
1936,30976,2025-07-21 10:19:21.903,0.008686698,0
1937,30992,2025-07-21 10:19:24.771,0.008679182,0
1938,31008,2025-07-21 10:19:29.811,0.008687362,0
1939,31024,2025-07-21 10:19:35.577,0.0087034395,0
1940,31040,2025-07-21 10:19:43.315,0.008697058,0
1941,31056,2025-07-21 10:19:49.037,0.008688009,0
1942,31072,2025-07-21 10:19:51.818,0.008695202,0
1943,31088,2025-07-21 10:22:41.850,0.008686437,0
1944,31104,2025-07-21 10:22:50.446,0.008730529,0
1945,31120,2025-07-21 10:22:58.232,0.008723981,0
1946,31136,2025-07-21 10:23:00.271,0.00871765,0
1947,31152,2025-07-21 10:23:05.655,0.008727379,0
1948,31168,2025-07-21 10:23:34.524,0.008684951,0
1949,31184,2025-07-21 10:23:40.536,0.008686543,0
1950,31200,2025-07-21 10:23:49.015,0.008689981,0
1951,31216,2025-07-21 10:23:54.268,0.008687851,0
1952,31232,2025-07-21 10:23:56.669,0.008690721,0
1953,31248,2025-07-21 10:24:04.003,0.008701275,0
1954,31264,2025-07-21 10:24:11.267,0.008688012,0
1955,31280,2025-07-21 10:24:18.966,0.008679824,0
1956,31296,2025-07-21 10:24:21.181,0.008690572,0
1957,31312,2025-07-21 10:24:27.900,0.008682242,0
1958,31328,2025-07-21 10:24:35.046,0.008681862,0
1959,31344,2025-07-21 10:24:43.687,0.008681873,0
1960,31360,2025-07-21 10:24:46.203,0.008682933,0
1961,31376,2025-07-21 10:24:51.303,0.008683113,0
1962,31392,2025-07-21 10:24:57.344,0.008681589,0
1963,31408,2025-07-21 10:25:06.803,0.008689148,0
1964,31424,2025-07-21 10:25:10.758,0.00868387,0
1965,31440,2025-07-21 10:25:13.184,0.008692351,0
1966,31456,2025-07-21 10:25:22.089,0.008701866,0
1967,31472,2025-07-21 10:25:29.560,0.0086919805,0
1968,31488,2025-07-21 10:25:35.552,0.008683305,0
1969,31504,2025-07-21 10:25:37.481,0.008686823,0
1970,31520,2025-07-21 10:25:44.058,0.0086856065,0
1971,31536,2025-07-21 10:25:52.429,0.008681877,0
1972,31552,2025-07-21 10:26:00.203,0.008681811,0
1973,31568,2025-07-21 10:26:02.204,0.008687681,0
1974,31584,2025-07-21 10:26:07.640,0.008683513,0
1975,31600,2025-07-21 10:26:15.129,0.0086823795,0
1976,31616,2025-07-21 10:26:22.981,0.008690321,0
1977,31632,2025-07-21 10:26:26.758,0.008684285,0
1978,31648,2025-07-21 10:26:32.036,0.008690442,0
1979,31664,2025-07-21 10:26:38.216,0.008698645,0
1980,31680,2025-07-21 10:26:45.658,0.008692481,0
1981,31696,2025-07-21 10:26:51.674,0.008683187,0
1982,31712,2025-07-21 10:26:54.109,0.008686824,0
1983,31728,2025-07-21 10:27:00.797,0.00868951,0
1984,31744,2025-07-21 10:27:08.795,0.00868187,0
1985,31760,2025-07-21 10:27:16.488,0.008681656,0
1986,31776,2025-07-21 10:27:18.541,0.008691572,0
1987,31792,2025-07-21 10:27:24.126,0.008683493,0
1988,31808,2025-07-21 10:27:31.607,0.008682306,0
1989,31824,2025-07-21 10:27:41.263,0.008686578,0
1990,31840,2025-07-21 10:27:44.010,0.008683004,0
1991,31856,2025-07-21 10:27:49.436,0.008690359,0
1992,31872,2025-07-21 10:27:55.195,0.008693822,0
1993,31888,2025-07-21 10:28:02.742,0.0086923,0
1994,31904,2025-07-21 10:28:08.429,0.00868311,0
1995,31920,2025-07-21 10:28:10.870,0.008686684,0
1996,31936,2025-07-21 10:28:18.955,0.008695428,0
1997,31952,2025-07-21 10:28:26.133,0.008686647,0
1998,31968,2025-07-21 10:28:33.839,0.008683289,0
1999,31984,2025-07-21 10:28:35.861,0.008691559,0
2000,32000,2025-07-21 10:30:36.592,0.008684642,0
2001,32016,2025-07-21 10:30:42.661,0.0086824205,0
2002,32032,2025-07-21 10:30:52.193,0.008689979,0
2003,32048,2025-07-21 10:30:56.165,0.008684726,0
2004,32064,2025-07-21 10:30:58.566,0.008692485,0
2005,32080,2025-07-21 10:31:07.527,0.008702697,0
2006,32096,2025-07-21 10:31:14.884,0.008692811,0
2007,32112,2025-07-21 10:31:20.969,0.008683305,0
2008,32128,2025-07-21 10:31:22.823,0.0086876545,0
2009,32144,2025-07-21 10:31:29.519,0.008686437,0
2010,32160,2025-07-21 10:31:37.783,0.008682707,0
2011,32176,2025-07-21 10:31:45.588,0.008682642,0
2012,32192,2025-07-21 10:31:47.541,0.008687681,0
2013,32208,2025-07-21 10:31:52.918,0.008683513,0
2014,32224,2025-07-21 10:32:00.406,0.0086823795,0
2015,32240,2025-07-21 10:32:08.377,0.008690322,0
2016,32256,2025-07-21 10:32:12.259,0.008684285,0
2017,32272,2025-07-21 10:32:17.551,0.008690442,0
2018,32288,2025-07-21 10:32:23.788,0.008698644,0
2019,32304,2025-07-21 10:32:31.241,0.00869248,0
2020,32320,2025-07-21 10:32:37.255,0.008683187,0
2021,32336,2025-07-21 10:32:39.694,0.008686823,0
2022,32352,2025-07-21 10:32:46.293,0.008689511,0
2023,32368,2025-07-21 10:32:54.119,0.008681871,0
2024,32384,2025-07-21 10:33:01.862,0.008681656,0
2025,32400,2025-07-21 10:33:03.856,0.008690741,0
2026,32416,2025-07-21 10:33:09.345,0.008682664,0
2027,32432,2025-07-21 10:33:16.764,0.008681474,0
2028,32448,2025-07-21 10:33:26.408,0.008685746,0
2029,32464,2025-07-21 10:33:29.159,0.008683837,0
2030,32480,2025-07-21 10:33:34.313,0.008691191,0
2031,32496,2025-07-21 10:33:40.112,0.008694653,0
2032,32512,2025-07-21 10:33:47.837,0.008693132,0
2033,32528,2025-07-21 10:33:53.532,0.00868311,0
2034,32544,2025-07-21 10:33:55.967,0.008687517,0
2035,32560,2025-07-21 10:34:03.691,0.008694256,0
2036,32576,2025-07-21 10:34:11.009,0.008685904,0
2037,32592,2025-07-21 10:34:18.740,0.008682323,0
2038,32608,2025-07-21 10:34:20.819,0.008691568,0
2039,32624,2025-07-21 10:34:26.188,0.008683391,0
2040,32640,2025-07-21 10:34:34.806,0.00868242,0
2041,32656,2025-07-21 10:34:43.177,0.008686698,0
2042,32672,2025-07-21 10:34:46.021,0.008679182,0
2043,32688,2025-07-21 10:34:51.088,0.008687361,0
2044,32704,2025-07-21 10:34:56.924,0.008689691,0
2045,32720,2025-07-21 10:35:04.645,0.008688874,0
2046,32736,2025-07-21 10:35:10.364,0.008688155,0
2047,32752,2025-07-21 10:35:13.129,0.008686741,0
2048,32768,2025-07-21 10:35:20.412,0.008697494,0
2049,32784,2025-07-21 10:35:27.570,0.008688365,0
2050,32800,2025-07-21 10:35:35.298,0.008679873,0
2051,32816,2025-07-21 10:35:37.526,0.00869528,0
2052,32832,2025-07-21 10:35:42.808,0.008683214,0
2053,32848,2025-07-21 10:35:51.092,0.008682619,0
2054,32864,2025-07-21 10:35:59.807,0.008686731,0
2055,32880,2025-07-21 10:36:02.287,0.008679063,0
2056,32896,2025-07-21 10:36:07.280,0.008684119,0
2057,32912,2025-07-21 10:36:13.307,0.008685711,0
2058,32928,2025-07-21 10:36:21.645,0.008689149,0
2059,32944,2025-07-21 10:36:26.856,0.008687851,0
2060,32960,2025-07-21 10:36:29.275,0.008690519,0
2061,32976,2025-07-21 10:36:36.499,0.008701275,0
2062,32992,2025-07-21 10:36:43.601,0.008688013,0
2063,33008,2025-07-21 10:36:51.294,0.008679822,0
2064,33024,2025-07-21 10:36:53.309,0.008690583,0
2065,33040,2025-07-21 10:37:00.469,0.008682241,0
2066,33056,2025-07-21 10:37:07.439,0.008681861,0
2067,33072,2025-07-21 10:37:16.110,0.008681873,0
2068,33088,2025-07-21 10:37:18.584,0.008683124,0
2069,33104,2025-07-21 10:37:23.724,0.008683113,0
2070,33120,2025-07-21 10:37:29.709,0.008695174,0
2071,33136,2025-07-21 10:37:39.219,0.008697763,0
2072,33152,2025-07-21 10:37:43.101,0.008687104,0
2073,33168,2025-07-21 10:37:45.500,0.0086961435,0
2074,33184,2025-07-21 10:39:50.543,0.008693424,0
2075,33200,2025-07-21 10:39:57.607,0.008685073,0
2076,33216,2025-07-21 10:40:05.356,0.008681493,0
2077,33232,2025-07-21 10:40:07.430,0.008690736,0
2078,33248,2025-07-21 10:40:12.808,0.008682559,0
2079,33264,2025-07-21 10:40:21.188,0.008681589,0
2080,33280,2025-07-21 10:40:29.630,0.008685866,0
2081,33296,2025-07-21 10:40:32.452,0.008679184,0
2082,33312,2025-07-21 10:40:37.618,0.008687362,0
2083,33328,2025-07-21 10:40:43.400,0.008689853,0
2084,33344,2025-07-21 10:40:51.042,0.008688874,0
2085,33360,2025-07-21 10:40:56.810,0.008688155,0
2086,33376,2025-07-21 10:40:59.591,0.008686741,0
2087,33392,2025-07-21 10:41:06.915,0.008697333,0
2088,33408,2025-07-21 10:41:14.200,0.008688365,0
2089,33424,2025-07-21 10:41:21.923,0.008679873,0
2090,33440,2025-07-21 10:41:24.157,0.0086944485,0
2091,33456,2025-07-21 10:41:29.557,0.008682375,0
2092,33472,2025-07-21 10:41:37.979,0.008681788,0
2093,33488,2025-07-21 10:41:46.690,0.008685898,0
2094,33504,2025-07-21 10:41:49.150,0.008679895,0
2095,33520,2025-07-21 10:41:54.195,0.008684958,0
2096,33536,2025-07-21 10:42:00.238,0.008686543,0
2097,33552,2025-07-21 10:42:08.511,0.008689981,0
2098,33568,2025-07-21 10:42:13.761,0.008687851,0
2099,33584,2025-07-21 10:42:16.187,0.008690518,0
2100,33600,2025-07-21 10:42:23.482,0.008701275,0
2101,33616,2025-07-21 10:42:30.520,0.008688013,0
2102,33632,2025-07-21 10:42:38.277,0.008679822,0
2103,33648,2025-07-21 10:42:40.431,0.008691414,0
2104,33664,2025-07-21 10:42:46.964,0.008685286,0
2105,33680,2025-07-21 10:42:54.060,0.008684047,0
2106,33696,2025-07-21 10:43:02.759,0.008688167,0
2107,33712,2025-07-21 10:43:05.123,0.008683579,0
2108,33728,2025-07-21 10:51:59.016,0.008690359,0
2109,33744,2025-07-21 10:52:04.802,0.008693821,0
2110,33760,2025-07-21 10:52:12.542,0.008692299,0
2111,33776,2025-07-21 10:52:18.404,0.008686649,0
2112,33792,2025-07-21 10:52:20.843,0.008686684,0
2113,33808,2025-07-21 10:52:28.429,0.008693424,0
2114,33824,2025-07-21 10:52:35.666,0.008685071,0
2115,33840,2025-07-21 10:52:43.701,0.008681492,0
2116,33856,2025-07-21 10:52:45.838,0.008690736,0
2117,33872,2025-07-21 10:52:51.263,0.008682559,0
2118,33888,2025-07-21 10:52:59.701,0.008681589,0
2119,33904,2025-07-21 10:57:30.425,0.008685866,0
2120,33920,2025-07-21 10:57:33.178,0.008679182,0
2121,33936,2025-07-21 10:58:12.728,0.008687362,0
2122,33952,2025-07-21 10:58:18.522,0.008689691,0
2123,33968,2025-07-21 10:58:26.311,0.008688875,0
2124,33984,2025-07-21 10:58:32.023,0.008686629,0
2125,34000,2025-07-21 10:58:34.792,0.008687573,0
2126,34016,2025-07-21 10:58:42.066,0.008698326,0
2127,34032,2025-07-21 10:58:49.207,0.008689275,0
2128,34048,2025-07-21 10:58:56.877,0.008682232,0
2129,34064,2025-07-21 10:58:59.118,0.008694449,0
2130,34080,2025-07-21 10:59:04.441,0.008682383,0
2131,34096,2025-07-21 10:59:12.953,0.00868171,0
2132,34112,2025-07-21 10:59:21.720,0.008685898,0
2133,34128,2025-07-21 10:59:24.184,0.008679063,0
2134,34144,2025-07-21 10:59:29.231,0.008684119,0
2135,34160,2025-07-21 10:59:35.327,0.008725755,0
2136,34176,2025-07-21 10:59:43.787,0.008731032,0
2137,34192,2025-07-21 10:59:49.044,0.008724144,0
2138,34208,2025-07-21 10:59:51.472,0.008728164,0
2139,34224,2025-07-21 11:00:05.127,0.008699564,0
2140,34240,2025-07-21 11:00:27.628,0.008693424,0
2141,34256,2025-07-21 11:00:34.912,0.008685072,0
2142,34272,2025-07-21 11:00:42.767,0.008681493,0
2143,34288,2025-07-21 11:00:44.839,0.008691567,0
2144,34304,2025-07-21 11:00:50.196,0.008683392,0
2145,34320,2025-07-21 11:00:58.690,0.00868242,0
2146,34336,2025-07-21 11:01:07.121,0.008686698,0
2147,34352,2025-07-21 11:01:09.841,0.008680015,0
2148,34368,2025-07-21 11:01:14.893,0.008688193,0
2149,34384,2025-07-21 11:01:20.797,0.008690685,0
2150,34400,2025-07-21 11:01:28.596,0.008689705,0
2151,34416,2025-07-21 11:01:34.469,0.008688155,0
2152,34432,2025-07-21 11:01:37.251,0.008686741,0
2153,34448,2025-07-21 11:01:44.698,0.0087159015,0
2154,34464,2025-07-21 11:01:52.003,0.0087051075,0
2155,34480,2025-07-21 11:01:59.711,0.00876285,0
2156,34496,2025-07-21 11:02:01.920,0.008771369,0
2157,34512,2025-07-21 11:07:46.242,0.008765544,0
2158,34528,2025-07-21 11:12:22.161,0.008766207,0
2159,34544,2025-07-21 11:12:43.876,0.008704181,0
2160,34560,2025-07-21 11:13:09.404,0.008707305,0
2161,34576,2025-07-21 11:17:25.658,0.008691191,0
2162,34592,2025-07-21 11:17:31.400,0.008694653,0
2163,34608,2025-07-21 11:17:38.990,0.008693132,0
2164,34624,2025-07-21 11:17:44.686,0.008683111,0
2165,34640,2025-07-21 11:17:47.113,0.008686684,0
2166,34656,2025-07-21 11:17:54.605,0.008693425,0
2167,34672,2025-07-21 11:18:01.892,0.008685071,0
2168,34688,2025-07-21 11:18:09.620,0.008681492,0
2169,34704,2025-07-21 11:18:11.673,0.008691568,0
2170,34720,2025-07-21 11:18:17.029,0.008683383,0
2171,34736,2025-07-21 11:18:25.466,0.008682433,0
2172,34752,2025-07-21 11:18:33.867,0.008686698,0
2173,34768,2025-07-21 11:18:36.685,0.008680015,0
2174,34784,2025-07-21 11:18:41.682,0.008688201,0
2175,34800,2025-07-21 11:18:47.413,0.008690673,0
2176,34816,2025-07-21 11:18:55.046,0.008689705,0
2177,34832,2025-07-21 11:19:00.649,0.008688155,0
2178,34848,2025-07-21 11:19:03.403,0.008686741,0
2179,34864,2025-07-21 11:19:10.509,0.008697332,0
2180,34880,2025-07-21 11:19:17.725,0.008688365,0
2181,34896,2025-07-21 11:19:25.449,0.008679873,0
2182,34912,2025-07-21 11:19:27.672,0.0086944485,0
2183,34928,2025-07-21 11:19:32.800,0.008682381,0
2184,34944,2025-07-21 11:19:40.987,0.008681788,0
2185,34960,2025-07-21 11:19:49.691,0.008685898,0
2186,34976,2025-07-21 11:19:52.046,0.008679896,0
2187,34992,2025-07-21 11:19:57.080,0.008684951,0
2188,35008,2025-07-21 11:20:03.065,0.008686543,0
2189,35024,2025-07-21 11:20:11.508,0.008689979,0
2190,35040,2025-07-21 11:20:16.663,0.008687851,0
2191,35056,2025-07-21 11:20:19.054,0.008690518,0
2192,35072,2025-07-21 11:20:26.235,0.008701275,0
2193,35088,2025-07-21 11:20:33.495,0.008688013,0
2194,35104,2025-07-21 11:20:41.242,0.008679824,0
2195,35120,2025-07-21 11:20:43.448,0.008690583,0
2196,35136,2025-07-21 11:20:49.930,0.008682241,0
2197,35152,2025-07-21 11:20:57.067,0.008681861,0
2198,35168,2025-07-21 11:21:05.726,0.008681873,0
2199,35184,2025-07-21 11:21:08.316,0.008683955,0
2200,35200,2025-07-21 11:21:15.909,0.008683945,0
2201,35216,2025-07-21 11:21:21.884,0.0086824205,0
2202,35232,2025-07-21 11:21:31.371,0.00868998,0
2203,35248,2025-07-21 11:21:35.360,0.0086847,0
2204,35264,2025-07-21 11:21:37.735,0.008693184,0
2205,35280,2025-07-21 11:21:46.603,0.008702696,0
2206,35296,2025-07-21 11:21:54.129,0.008692811,0
2207,35312,2025-07-21 11:22:00.139,0.008683305,0
2208,35328,2025-07-21 11:22:02.058,0.008686823,0
2209,35344,2025-07-21 11:22:08.570,0.0086856065,0
2210,35360,2025-07-21 11:22:17.025,0.008681877,0
2211,35376,2025-07-21 11:22:24.802,0.008681811,0
2212,35392,2025-07-21 11:22:26.748,0.008686849,0
2213,35408,2025-07-21 11:22:32.152,0.008682681,0
2214,35424,2025-07-21 11:22:39.520,0.008681548,0
2215,35440,2025-07-21 11:22:47.578,0.00868949,0
2216,35456,2025-07-21 11:22:51.305,0.008684285,0
2217,35472,2025-07-21 11:22:56.578,0.008690442,0
2218,35488,2025-07-21 11:23:02.797,0.008698645,0
2219,35504,2025-07-21 11:23:10.213,0.008692481,0
2220,35520,2025-07-21 11:23:16.153,0.008683247,0
2221,35536,2025-07-21 11:23:18.595,0.008686824,0
2222,35552,2025-07-21 11:23:25.163,0.00868951,0
2223,35568,2025-07-21 11:23:33.101,0.008681871,0
2224,35584,2025-07-21 11:23:40.855,0.008681596,0
2225,35600,2025-07-21 11:23:42.746,0.008690741,0
2226,35616,2025-07-21 11:23:48.173,0.008682663,0
2227,35632,2025-07-21 11:23:55.611,0.008681473,0
2228,35648,2025-07-21 11:24:05.382,0.008685747,0
2229,35664,2025-07-21 11:24:09.717,0.008683004,0
2230,35680,2025-07-21 11:24:14.750,0.008690359,0
2231,35696,2025-07-21 11:24:20.483,0.008693822,0
2232,35712,2025-07-21 11:24:28.078,0.0086923,0
2233,35728,2025-07-21 11:24:33.772,0.008683111,0
2234,35744,2025-07-21 11:24:36.203,0.008687516,0
2235,35760,2025-07-21 11:24:43.749,0.008694257,0
2236,35776,2025-07-21 11:24:50.970,0.008685904,0
2237,35792,2025-07-21 11:24:58.663,0.008682324,0
2238,35808,2025-07-21 11:25:00.691,0.008691567,0
2239,35824,2025-07-21 11:25:06.067,0.008683391,0
2240,35840,2025-07-21 11:25:14.559,0.0086824205,0
2241,35856,2025-07-21 11:25:22.961,0.008686698,0
2242,35872,2025-07-21 11:25:25.669,0.008679182,0
2243,35888,2025-07-21 11:25:30.712,0.008687362,0
2244,35904,2025-07-21 11:25:36.482,0.008689853,0
2245,35920,2025-07-21 11:25:44.147,0.008688874,0
2246,35936,2025-07-21 11:25:49.791,0.008688155,0
2247,35952,2025-07-21 11:25:52.544,0.008686742,0
2248,35968,2025-07-21 11:25:59.732,0.008697332,0
2249,35984,2025-07-21 11:26:07.066,0.00872111,0
2250,36000,2025-07-21 11:26:14.851,0.008705981,0
2251,36016,2025-07-21 11:26:17.014,0.0087083,0
2252,36032,2025-07-21 11:26:22.239,0.008711066,0
2253,36048,2025-07-21 13:50:59.672,0.008687362,0
2254,36064,2025-07-21 13:51:05.507,0.008689691,0
2255,36080,2025-07-21 13:51:13.269,0.008688875,0
2256,36096,2025-07-21 13:51:18.975,0.008686629,0
2257,36112,2025-07-21 13:51:21.723,0.008687573,0
2258,36128,2025-07-21 13:51:28.959,0.008698326,0
2259,36144,2025-07-21 13:51:36.178,0.008689274,0
2260,36160,2025-07-21 13:51:43.836,0.0086822305,0
2261,36176,2025-07-21 13:51:46.106,0.0086944485,0
2262,36192,2025-07-21 13:51:51.319,0.008682382,0
2263,36208,2025-07-21 13:51:59.665,0.00868171,0
2264,36224,2025-07-21 13:52:08.384,0.008685898,0
2265,36240,2025-07-21 13:52:10.738,0.008679063,0
2266,36256,2025-07-21 13:52:15.760,0.008684119,0
2267,36272,2025-07-21 13:52:21.765,0.008685712,0
2268,36288,2025-07-21 13:52:30.238,0.008689148,0
2269,36304,2025-07-21 13:52:35.393,0.008688683,0
2270,36320,2025-07-21 13:52:37.789,0.008691349,0
2271,36336,2025-07-21 13:52:45.029,0.008702106,0
2272,36352,2025-07-21 13:52:52.203,0.008688845,0
2273,36368,2025-07-21 13:52:59.948,0.008679822,0
2274,36384,2025-07-21 13:53:02.135,0.008691415,0
2275,36400,2025-07-21 13:53:08.619,0.008683073,0
2276,36416,2025-07-21 13:53:15.755,0.008682693,0
2277,36432,2025-07-21 13:53:24.427,0.0086827045,0
2278,36448,2025-07-21 13:53:26.824,0.008683124,0
2279,36464,2025-07-21 13:53:31.908,0.008683114,0
2280,36480,2025-07-21 13:53:37.897,0.008728891,0
2281,36496,2025-07-21 13:53:47.517,0.008731112,0
2282,36512,2025-07-21 13:53:51.358,0.008720171,0
2283,36528,2025-07-21 13:53:53.765,0.008731052,0
2284,36544,2025-07-21 13:54:07.067,0.008693205,0
2285,36560,2025-07-21 13:54:17.464,0.008697332,0
2286,36576,2025-07-21 13:54:24.624,0.008688365,0
2287,36592,2025-07-21 13:54:32.340,0.008679873,0
2288,36608,2025-07-21 13:54:34.562,0.008695281,0
2289,36624,2025-07-21 13:54:39.785,0.008683212,0
2290,36640,2025-07-21 13:54:48.118,0.008682619,0
2291,36656,2025-07-21 13:54:56.868,0.008686729,0
2292,36672,2025-07-21 13:54:59.269,0.008679896,0
2293,36688,2025-07-21 13:55:04.258,0.008684951,0
2294,36704,2025-07-21 13:55:10.269,0.008686543,0
2295,36720,2025-07-21 13:55:18.668,0.00868998,0
2296,36736,2025-07-21 13:55:23.831,0.008687851,0
2297,36752,2025-07-21 13:55:26.228,0.008690518,0
2298,36768,2025-07-21 13:55:33.503,0.008701274,0
2299,36784,2025-07-21 13:55:40.660,0.008688012,0
2300,36800,2025-07-21 13:55:48.464,0.008679822,0
2301,36816,2025-07-21 13:55:50.588,0.008694489,0
2302,36832,2025-07-21 13:55:57.067,0.008682242,0
2303,36848,2025-07-21 13:56:04.207,0.008681862,0
2304,36864,2025-07-21 13:56:12.861,0.008681872,0
2305,36880,2025-07-21 13:56:15.206,0.008679218,0
2306,36896,2025-07-21 13:56:20.295,0.008683113,0
2307,36912,2025-07-21 13:56:26.325,0.008681589,0
2308,36928,2025-07-21 13:56:35.966,0.008689148,0
2309,36944,2025-07-21 13:56:39.850,0.008684701,0
2310,36960,2025-07-21 13:56:42.239,0.008693183,0
2311,36976,2025-07-21 13:56:51.157,0.008702697,0
2312,36992,2025-07-21 13:56:58.715,0.008692811,0
2313,37008,2025-07-21 13:57:04.776,0.008683305,0
2314,37024,2025-07-21 13:57:06.638,0.008686824,0
2315,37040,2025-07-21 13:57:13.141,0.008685606,0
2316,37056,2025-07-21 13:57:21.613,0.008681877,0
2317,37072,2025-07-21 13:57:29.429,0.008681811,0
2318,37088,2025-07-21 13:57:31.374,0.008686848,0
2319,37104,2025-07-21 13:57:36.812,0.008682681,0
2320,37120,2025-07-21 13:57:44.221,0.008681547,0
2321,37136,2025-07-21 13:57:52.168,0.008689489,0
2322,37152,2025-07-21 13:57:55.906,0.008684285,0
2323,37168,2025-07-21 13:58:01.178,0.008690442,0
2324,37184,2025-07-21 13:58:07.365,0.008698644,0
2325,37200,2025-07-21 13:58:14.815,0.00869248,0
2326,37216,2025-07-21 13:59:01.498,0.008683186,0
2327,37232,2025-07-21 13:59:03.918,0.008686824,0
2328,37248,2025-07-21 13:59:10.664,0.00868951,0
2329,37264,2025-07-21 13:59:18.391,0.00868187,0
2330,37280,2025-07-21 13:59:26.106,0.008681656,0
2331,37296,2025-07-21 13:59:28.052,0.008691572,0
2332,37312,2025-07-21 13:59:33.527,0.008683494,0
2333,37328,2025-07-21 13:59:40.886,0.008682306,0
2334,37344,2025-07-21 13:59:50.623,0.008686579,0
2335,37360,2025-07-21 14:00:10.037,0.008683005,0
2336,37376,2025-07-21 14:00:15.213,0.008690359,0
2337,37392,2025-07-21 14:00:20.936,0.008693822,0
2338,37408,2025-07-21 14:00:28.480,0.008692301,0
2339,37424,2025-07-21 14:00:34.136,0.00868311,0
2340,37440,2025-07-21 14:00:36.568,0.008686684,0
2341,37456,2025-07-21 14:00:44.172,0.008693424,0
2342,37472,2025-07-21 14:00:51.380,0.008685072,0
2343,37488,2025-07-21 14:00:59.126,0.008681492,0
2344,37504,2025-07-21 14:01:01.173,0.008690736,0
2345,37520,2025-07-21 14:01:06.530,0.008682559,0
2346,37536,2025-07-21 14:01:14.938,0.008681589,0
2347,37552,2025-07-21 14:01:23.361,0.008685866,0
2348,37568,2025-07-21 14:01:26.089,0.008679183,0
2349,37584,2025-07-21 14:01:31.133,0.008687362,0
2350,37600,2025-07-21 14:01:36.831,0.008689691,0
2351,37616,2025-07-21 14:01:44.559,0.008688874,0
2352,37632,2025-07-21 14:01:50.189,0.008686629,0
2353,37648,2025-07-21 14:01:52.949,0.008686742,0
2354,37664,2025-07-21 14:02:00.200,0.008697493,0
2355,37680,2025-07-21 14:02:07.477,0.008688366,0
2356,37696,2025-07-21 14:02:15.149,0.0086814,0
2357,37712,2025-07-21 14:02:17.405,0.0086944485,0
2358,37728,2025-07-21 14:02:22.636,0.008682381,0
2359,37744,2025-07-21 14:02:30.969,0.008681788,0
2360,37760,2025-07-21 14:02:39.708,0.008685898,0
2361,37776,2025-07-21 14:02:42.122,0.008679063,0
2362,37792,2025-07-21 14:02:47.141,0.008684119,0
2363,37808,2025-07-21 14:02:53.084,0.008685712,0
2364,37824,2025-07-21 14:03:01.585,0.008689148,0
2365,37840,2025-07-21 14:03:06.691,0.008688683,0
2366,37856,2025-07-21 14:03:09.100,0.00869135,0
2367,37872,2025-07-21 14:03:16.270,0.008702107,0
2368,37888,2025-07-21 14:03:23.482,0.008688845,0
2369,37904,2025-07-21 14:03:31.191,0.008679823,0
2370,37920,2025-07-21 14:03:33.184,0.008690583,0
2371,37936,2025-07-21 14:03:39.901,0.008682242,0
2372,37952,2025-07-21 14:03:47.051,0.008681862,0
2373,37968,2025-07-21 14:03:55.721,0.008681872,0
2374,37984,2025-07-21 14:03:58.119,0.008683124,0
2375,38000,2025-07-21 14:04:03.154,0.008683112,0
2376,38016,2025-07-21 14:04:09.157,0.008681589,0
2377,38032,2025-07-21 14:04:18.832,0.008689148,0
2378,38048,2025-07-21 14:04:22.735,0.00868387,0
2379,38064,2025-07-21 14:04:25.133,0.008692351,0
2380,38080,2025-07-21 14:04:33.992,0.008701866,0
2381,38096,2025-07-21 14:04:41.563,0.0086919805,0
2382,38112,2025-07-21 14:04:47.593,0.008683305,0
2383,38128,2025-07-21 14:04:49.476,0.008687537,0
2384,38144,2025-07-21 14:04:55.997,0.008686438,0
2385,38160,2025-07-21 14:05:04.444,0.008682708,0
2386,38176,2025-07-21 14:05:12.231,0.008682642,0
2387,38192,2025-07-21 14:05:14.121,0.008686966,0
2388,38208,2025-07-21 14:05:19.510,0.008682681,0
2389,38224,2025-07-21 14:05:26.936,0.008681547,0
2390,38240,2025-07-21 14:05:35.066,0.008689489,0
2391,38256,2025-07-21 14:05:38.779,0.008684303,0
2392,38272,2025-07-21 14:05:44.019,0.008690442,0
2393,38288,2025-07-21 14:05:50.219,0.008698644,0
2394,38304,2025-07-21 14:05:57.656,0.008692481,0
2395,38320,2025-07-21 14:06:03.647,0.008683168,0
2396,38336,2025-07-21 14:06:06.086,0.008686823,0
2397,38352,2025-07-21 14:06:12.646,0.00868951,0
2398,38368,2025-07-21 14:06:20.529,0.008681871,0
2399,38384,2025-07-21 14:06:28.285,0.008681656,0
2400,38400,2025-07-21 14:06:30.227,0.00869074,0
2401,38416,2025-07-21 14:06:35.653,0.008682664,0
2402,38432,2025-07-21 14:06:43.054,0.008681473,0
2403,38448,2025-07-21 14:06:52.788,0.008685747,0
2404,38464,2025-07-21 14:06:55.449,0.008683837,0
2405,38480,2025-07-21 14:07:00.479,0.008691191,0
2406,38496,2025-07-21 14:07:06.149,0.008694653,0
2407,38512,2025-07-21 14:07:13.726,0.008693132,0
2408,38528,2025-07-21 14:07:19.343,0.008683111,0
2409,38544,2025-07-21 14:07:21.769,0.008686684,0
2410,38560,2025-07-21 14:07:29.304,0.008693424,0
2411,38576,2025-07-21 14:07:36.387,0.0087325405,0
2412,38592,2025-07-21 14:07:44.112,0.008723129,0
2413,38608,2025-07-21 14:07:46.133,0.008716573,0
2414,38624,2025-07-21 14:07:53.213,0.008728808,0
2415,38640,2025-07-21 14:08:07.647,0.008683513,0
2416,38656,2025-07-21 14:08:15.059,0.0086823795,0
2417,38672,2025-07-21 14:08:22.948,0.008690321,0
2418,38688,2025-07-21 14:08:26.697,0.008683453,0
2419,38704,2025-07-21 14:08:31.977,0.008689609,0
2420,38720,2025-07-21 14:08:38.168,0.008697812,0
2421,38736,2025-07-21 14:08:45.589,0.00869165,0
2422,38752,2025-07-21 14:08:51.569,0.008683187,0
2423,38768,2025-07-21 14:08:54.005,0.008686824,0
2424,38784,2025-07-21 14:09:00.492,0.008689512,0
2425,38800,2025-07-21 14:09:08.226,0.00868187,0
2426,38816,2025-07-21 14:09:16.066,0.008681656,0
2427,38832,2025-07-21 14:09:17.960,0.008691572,0
2428,38848,2025-07-21 14:09:23.420,0.008683493,0
2429,38864,2025-07-21 14:09:30.855,0.008682306,0
2430,38880,2025-07-21 14:09:40.485,0.008686579,0
2431,38896,2025-07-21 14:09:43.171,0.008679734,0
2432,38912,2025-07-21 14:09:48.259,0.008686567,0
2433,38928,2025-07-21 14:09:53.992,0.008693822,0
2434,38944,2025-07-21 14:10:01.626,0.0086923,0
2435,38960,2025-07-21 14:10:07.265,0.008686382,0
2436,38976,2025-07-21 14:10:09.695,0.008691308,0
2437,38992,2025-07-21 14:10:17.254,0.008694256,0
2438,39008,2025-07-21 14:10:24.566,0.008685904,0
2439,39024,2025-07-21 14:10:32.282,0.008682324,0
2440,39040,2025-07-21 14:10:34.316,0.008691568,0
2441,39056,2025-07-21 14:10:39.671,0.008683392,0
2442,39072,2025-07-21 14:10:48.120,0.00868242,0
2443,39088,2025-07-21 14:10:56.539,0.008686697,0
2444,39104,2025-07-21 14:10:59.278,0.008680015,0
2445,39120,2025-07-21 14:11:04.305,0.008688194,0
2446,39136,2025-07-21 14:11:10.042,0.008690685,0
2447,39152,2025-07-21 14:11:17.744,0.008689704,0
2448,39168,2025-07-21 14:11:23.332,0.008688155,0
2449,39184,2025-07-21 14:11:26.087,0.008686741,0
2450,39200,2025-07-21 14:11:33.305,0.008697332,0
2451,39216,2025-07-21 14:11:40.654,0.008688365,0
2452,39232,2025-07-21 14:11:48.345,0.008679873,0
2453,39248,2025-07-21 14:11:50.589,0.008695281,0
2454,39264,2025-07-21 14:11:55.760,0.008683212,0
2455,39280,2025-07-21 14:12:04.156,0.008682619,0
2456,39296,2025-07-21 14:12:12.887,0.00868673,0
2457,39312,2025-07-21 14:12:15.262,0.008679063,0
2458,39328,2025-07-21 14:12:20.250,0.008684119,0
2459,39344,2025-07-21 14:12:26.293,0.008685713,0
2460,39360,2025-07-21 14:12:34.686,0.008689148,0
2461,39376,2025-07-21 14:12:39.797,0.008687851,0
2462,39392,2025-07-21 14:12:42.189,0.008690518,0
2463,39408,2025-07-21 14:12:49.407,0.008701275,0
2464,39424,2025-07-21 14:12:56.693,0.008688013,0
2465,39440,2025-07-21 14:13:04.460,0.008679822,0
2466,39456,2025-07-21 14:13:06.619,0.008690583,0
2467,39472,2025-07-21 14:13:13.125,0.008682242,0
2468,39488,2025-07-21 14:13:20.239,0.008681861,0
2469,39504,2025-07-21 14:13:28.950,0.008681873,0
2470,39520,2025-07-21 14:13:31.349,0.008683098,0
2471,39536,2025-07-21 14:13:36.482,0.008683811,0
2472,39552,2025-07-21 14:13:42.390,0.00868159,0
2473,39568,2025-07-21 14:13:52.010,0.008689148,0
2474,39584,2025-07-21 14:13:55.870,0.008683896,0
2475,39600,2025-07-21 14:13:58.268,0.008691654,0
2476,39616,2025-07-21 14:14:07.144,0.008701866,0
2477,39632,2025-07-21 14:14:14.744,0.00869198,0
2478,39648,2025-07-21 14:14:20.785,0.008683305,0
2479,39664,2025-07-21 14:14:22.671,0.008687015,0
2480,39680,2025-07-21 14:14:29.150,0.0086856065,0
2481,39696,2025-07-21 14:14:37.655,0.008681877,0
2482,39712,2025-07-21 14:14:45.479,0.00868181,0
2483,39728,2025-07-21 14:14:47.423,0.008687489,0
2484,39744,2025-07-21 14:14:52.774,0.008683513,0
2485,39760,2025-07-21 14:15:00.213,0.0086823795,0
2486,39776,2025-07-21 14:15:08.190,0.008690321,0
2487,39792,2025-07-21 14:15:11.904,0.008684285,0
2488,39808,2025-07-21 14:15:17.196,0.008690442,0
2489,39824,2025-07-21 14:15:23.343,0.008698644,0
2490,39840,2025-07-21 14:15:30.827,0.008692481,0
2491,39856,2025-07-21 14:15:36.798,0.008683187,0
2492,39872,2025-07-21 14:15:39.229,0.008686823,0
2493,39888,2025-07-21 14:15:45.808,0.00868951,0
2494,39904,2025-07-21 14:15:53.717,0.00868187,0
2495,39920,2025-07-21 14:16:01.457,0.008681656,0
2496,39936,2025-07-21 14:16:03.401,0.008690741,0
2497,39952,2025-07-21 14:16:08.869,0.008682664,0
2498,39968,2025-07-21 14:16:16.272,0.008681474,0
2499,39984,2025-07-21 14:16:26.056,0.008693511,0
2500,40000,2025-07-21 14:16:28.770,0.008686735,0
2501,40016,2025-07-21 14:16:33.823,0.008754558,0
2502,40032,2025-07-21 14:16:39.558,0.008803994,1
2503,40048,2025-07-21 14:16:46.881,0.0088338135,1
2504,40064,2025-07-21 14:16:52.885,0.008819106,1
2505,40080,2025-07-21 14:17:54.353,0.00875566,0
2506,40096,2025-07-21 14:18:27.626,0.008728125,0
2507,40112,2025-07-21 14:18:45.819,0.008683944,0
2508,40128,2025-07-21 14:18:51.786,0.0086824205,0
2509,40144,2025-07-21 14:19:01.245,0.008689979,0
2510,40160,2025-07-21 14:19:05.259,0.00868387,0
2511,40176,2025-07-21 14:19:07.662,0.008692351,0
2512,40192,2025-07-21 14:19:16.652,0.008701866,0
2513,40208,2025-07-21 14:19:24.247,0.0086919805,0
2514,40224,2025-07-21 14:23:30.197,0.008683305,0
2515,40240,2025-07-21 14:23:32.041,0.008687015,0
2516,40256,2025-07-21 14:23:38.724,0.0086856065,0
2517,40272,2025-07-21 14:23:47.000,0.008681876,0
2518,40288,2025-07-21 14:23:54.748,0.008681811,0
2519,40304,2025-07-21 14:23:56.686,0.008687489,0
2520,40320,2025-07-21 14:24:02.152,0.008683513,0
2521,40336,2025-07-21 14:24:09.572,0.008682379,0
2522,40352,2025-07-21 14:24:17.519,0.008690321,0
2523,40368,2025-07-21 14:24:21.315,0.008684569,0
2524,40384,2025-07-21 14:24:26.532,0.008690442,0
2525,40400,2025-07-21 14:24:32.711,0.008698645,0
2526,40416,2025-07-21 14:24:40.202,0.008692481,0
2527,40432,2025-07-21 14:24:46.222,0.008682903,0
2528,40448,2025-07-21 14:24:48.653,0.008686824,0
2529,40464,2025-07-21 14:24:55.194,0.00868951,0
2530,40480,2025-07-21 14:25:03.082,0.008681871,0
2531,40496,2025-07-21 14:25:10.824,0.008681656,0
2532,40512,2025-07-21 14:25:12.773,0.00869074,0
2533,40528,2025-07-21 14:25:18.236,0.008682664,0
2534,40544,2025-07-21 14:25:27.260,0.008681474,0
2535,40560,2025-07-21 14:25:36.875,0.008685747,0
2536,40576,2025-07-21 14:25:39.531,0.008683837,0
2537,40592,2025-07-21 14:25:44.640,0.008691191,0
2538,40608,2025-07-21 14:25:50.348,0.008719934,0
2539,40624,2025-07-21 14:25:58.072,0.008740066,0
2540,40640,2025-07-21 14:26:03.745,0.008724362,0
2541,40656,2025-07-21 14:26:06.175,0.008721446,0
2542,40672,2025-07-21 14:26:19.447,0.00870927,0
2543,40688,2025-07-21 14:26:28.681,0.008685606,0
2544,40704,2025-07-21 14:26:37.020,0.008681877,0
2545,40720,2025-07-21 14:26:44.769,0.008681811,0
2546,40736,2025-07-21 14:26:46.719,0.00868685,0
2547,40752,2025-07-21 14:26:52.146,0.008682681,0
2548,40768,2025-07-21 14:26:59.698,0.008681548,0
2549,40784,2025-07-21 14:27:07.566,0.00868949,0
2550,40800,2025-07-21 14:27:11.367,0.008683453,0
2551,40816,2025-07-21 14:27:16.653,0.00868961,0
2552,40832,2025-07-21 14:27:22.823,0.008697812,0
2553,40848,2025-07-21 14:27:30.203,0.00869165,0
2554,40864,2025-07-21 14:27:36.278,0.008683187,0
2555,40880,2025-07-21 14:27:38.722,0.008686823,0
2556,40896,2025-07-21 14:27:45.333,0.008689511,0
2557,40912,2025-07-21 14:27:53.074,0.00868187,0
2558,40928,2025-07-21 14:28:00.847,0.008681655,0
2559,40944,2025-07-21 14:28:02.798,0.008690741,0
2560,40960,2025-07-21 14:28:08.272,0.008682663,0
2561,40976,2025-07-21 14:28:15.695,0.008681474,0
2562,40992,2025-07-21 14:28:25.323,0.008685747,0
2563,41008,2025-07-21 14:28:28.007,0.008679466,0
2564,41024,2025-07-21 14:28:33.059,0.008686567,0
2565,41040,2025-07-21 14:28:38.774,0.008693822,0
2566,41056,2025-07-21 14:28:46.550,0.0086923,0
2567,41072,2025-07-21 14:28:52.243,0.008686649,0
2568,41088,2025-07-21 14:28:54.683,0.008690476,0
2569,41104,2025-07-21 14:29:02.239,0.008693424,0
2570,41120,2025-07-21 14:29:09.425,0.008685072,0
2571,41136,2025-07-21 14:29:17.170,0.008685462,0
2572,41152,2025-07-21 14:29:19.151,0.0087127015,0
2573,41168,2025-07-21 14:29:24.479,0.008775924,0
2574,41184,2025-07-21 14:29:32.977,0.008791943,0
2575,41200,2025-07-21 14:29:41.385,0.008790783,0
2576,41216,2025-07-21 14:31:12.918,0.008760351,0
2577,41232,2025-07-21 14:31:16.708,0.008700531,0
2578,41248,2025-07-21 14:31:41.644,0.008693424,0
2579,41264,2025-07-21 14:31:48.933,0.008685072,0
2580,41280,2025-07-21 14:31:56.698,0.008681493,0
2581,41296,2025-07-21 14:31:58.808,0.008691567,0
2582,41312,2025-07-21 14:32:04.233,0.008683392,0
2583,41328,2025-07-21 14:32:12.737,0.0086824205,0
2584,41344,2025-07-21 14:32:21.175,0.008686697,0
2585,41360,2025-07-21 14:32:23.911,0.008679183,0
2586,41376,2025-07-21 14:32:28.964,0.008687362,0
2587,41392,2025-07-21 14:32:34.698,0.008689854,0
2588,41408,2025-07-21 14:32:42.314,0.008688874,0
2589,41424,2025-07-21 14:32:50.701,0.008688155,0
2590,41440,2025-07-21 14:32:53.466,0.008686741,0
2591,41456,2025-07-21 14:33:00.776,0.008697332,0
2592,41472,2025-07-21 14:33:08.077,0.008688365,0
2593,41488,2025-07-21 14:33:23.610,0.008679873,0
2594,41504,2025-07-21 14:33:25.682,0.0086944485,0
2595,41520,2025-07-21 14:33:31.046,0.008682381,0
2596,41536,2025-07-21 14:33:39.508,0.008681788,0
2597,41552,2025-07-21 14:33:48.247,0.008685898,0
2598,41568,2025-07-21 14:33:50.664,0.008679063,0
2599,41584,2025-07-21 14:33:55.698,0.008684119,0
2600,41600,2025-07-21 14:34:01.703,0.008685712,0
2601,41616,2025-07-21 14:34:10.095,0.008689149,0
2602,41632,2025-07-21 14:34:15.186,0.008687851,0
2603,41648,2025-07-21 14:34:17.582,0.008690721,0
2604,41664,2025-07-21 14:34:24.750,0.008701275,0
2605,41680,2025-07-21 14:34:32.032,0.008688013,0
2606,41696,2025-07-21 14:34:39.780,0.008679824,0
2607,41712,2025-07-21 14:34:41.716,0.008690572,0
2608,41728,2025-07-21 14:34:48.460,0.008682242,0
2609,41744,2025-07-21 14:34:55.601,0.008681862,0
2610,41760,2025-07-21 14:35:04.287,0.008681873,0
2611,41776,2025-07-21 14:35:06.633,0.008683763,0
2612,41792,2025-07-21 14:35:11.741,0.008683945,0
2613,41808,2025-07-21 14:35:17.710,0.00868242,0
2614,41824,2025-07-21 14:35:27.356,0.008689979,0
2615,41840,2025-07-21 14:35:31.266,0.008684701,0
2616,41856,2025-07-21 14:35:33.667,0.008693183,0
2617,41872,2025-07-21 14:35:42.564,0.008707841,0
2618,41888,2025-07-21 14:35:50.113,0.008694518,0
2619,41904,2025-07-21 14:35:56.106,0.008684726,0
2620,41920,2025-07-21 14:35:58.025,0.008695359,0
2621,41936,2025-07-21 14:37:03.145,0.008683392,0
2622,41952,2025-07-21 14:37:11.477,0.0086824205,0
2623,41968,2025-07-21 14:37:19.880,0.008686698,0
2624,41984,2025-07-21 14:37:22.649,0.008679183,0
2625,42000,2025-07-21 14:37:27.643,0.008687361,0
2626,42016,2025-07-21 14:37:33.320,0.008689853,0
2627,42032,2025-07-21 14:37:41.070,0.008688874,0
2628,42048,2025-07-21 14:42:21.455,0.008688155,0
2629,42064,2025-07-21 14:42:24.219,0.008686741,0
2630,42080,2025-07-21 14:42:31.628,0.008697332,0
2631,42096,2025-07-21 14:42:38.942,0.008688365,0
2632,42112,2025-07-21 14:42:46.591,0.008679874,0
2633,42128,2025-07-21 14:42:48.892,0.00869528,0
2634,42144,2025-07-21 14:42:54.098,0.008683214,0
2635,42160,2025-07-21 14:43:02.447,0.00868262,0
2636,42176,2025-07-21 14:43:11.150,0.008686729,0
2637,42192,2025-07-21 14:43:13.559,0.008679895,0
2638,42208,2025-07-21 14:43:18.642,0.008684951,0
2639,42224,2025-07-21 14:43:24.630,0.008686543,0
2640,42240,2025-07-21 14:43:32.990,0.008689981,0
2641,42256,2025-07-21 14:43:38.164,0.008688683,0
2642,42272,2025-07-21 14:43:40.564,0.008691553,0
2643,42288,2025-07-21 14:43:47.805,0.008702106,0
2644,42304,2025-07-21 14:43:54.986,0.008688845,0
2645,42320,2025-07-21 14:44:02.761,0.008679822,0
2646,42336,2025-07-21 14:44:04.920,0.0086903805,0
2647,42352,2025-07-21 14:44:11.548,0.008682242,0
2648,42368,2025-07-21 14:44:18.531,0.008681862,0
2649,42384,2025-07-21 14:44:27.251,0.008681872,0
2650,42400,2025-07-21 14:44:29.621,0.008683956,0
2651,42416,2025-07-21 14:44:34.655,0.008683945,0
2652,42432,2025-07-21 14:44:40.652,0.00868242,0
2653,42448,2025-07-21 14:44:50.255,0.008689979,0
2654,42464,2025-07-21 14:44:54.144,0.008684701,0
2655,42480,2025-07-21 14:44:56.524,0.008693182,0
2656,42496,2025-07-21 14:45:05.408,0.008702697,0
2657,42512,2025-07-21 14:45:13.110,0.008692811,0
2658,42528,2025-07-21 14:45:19.198,0.008683305,0
2659,42544,2025-07-21 14:45:20.961,0.008686823,0
2660,42560,2025-07-21 14:45:27.654,0.008685606,0
2661,42576,2025-07-21 14:45:35.935,0.008681877,0
2662,42592,2025-07-21 14:45:43.731,0.00868181,0
2663,42608,2025-07-21 14:45:45.620,0.008686848,0
2664,42624,2025-07-21 14:45:51.026,0.008682681,0
2665,42640,2025-07-21 14:45:58.462,0.008681547,0
2666,42656,2025-07-21 14:46:06.472,0.00868949,0
2667,42672,2025-07-21 14:46:10.303,0.008684285,0
2668,42688,2025-07-21 14:46:15.643,0.008690442,0
2669,42704,2025-07-21 14:46:21.821,0.008698645,0
2670,42720,2025-07-21 14:46:29.125,0.008692481,0
2671,42736,2025-07-21 14:46:35.110,0.008683187,0
2672,42752,2025-07-21 14:46:37.544,0.008686823,0
2673,42768,2025-07-21 14:46:44.141,0.00868951,0
2674,42784,2025-07-21 14:46:52.003,0.00868187,0
2675,42800,2025-07-21 14:46:59.752,0.008681656,0
2676,42816,2025-07-21 14:47:01.692,0.008691572,0
2677,42832,2025-07-21 14:47:07.157,0.008683494,0
2678,42848,2025-07-21 14:47:14.582,0.008682305,0
2679,42864,2025-07-21 14:47:24.287,0.008686579,0
2680,42880,2025-07-21 14:47:26.977,0.008683836,0
2681,42896,2025-07-21 14:47:32.063,0.00869119,0
2682,42912,2025-07-21 14:47:37.793,0.008694653,0
2683,42928,2025-07-21 14:47:45.484,0.008693132,0
2684,42944,2025-07-21 14:47:51.121,0.00868311,0
2685,42960,2025-07-21 14:47:53.550,0.008687517,0
2686,42976,2025-07-21 14:48:01.047,0.008694256,0
2687,42992,2025-07-21 14:48:08.357,0.008685903,0
2688,43008,2025-07-21 14:48:16.045,0.008682324,0
2689,43024,2025-07-21 14:48:18.088,0.008690736,0
2690,43040,2025-07-21 14:48:23.429,0.008682641,0
2691,43056,2025-07-21 14:48:31.931,0.0086816,0
2692,43072,2025-07-21 14:48:40.321,0.008685866,0
2693,43088,2025-07-21 14:48:43.064,0.008693661,0
2694,43104,2025-07-21 14:48:48.081,0.008758724,0
2695,43120,2025-07-21 14:48:53.804,0.0088041,1
2696,43136,2025-07-21 14:49:01.587,0.008794292,0
2697,43152,2025-07-21 14:49:07.319,0.00877048,0
2698,43168,2025-07-21 14:50:32.244,0.008726992,0
2699,43184,2025-07-21 14:51:31.074,0.008683392,0
2700,43200,2025-07-21 14:51:39.573,0.00868242,0
2701,43216,2025-07-21 14:51:47.973,0.008686698,0
2702,43232,2025-07-21 14:51:50.828,0.008679182,0
2703,43248,2025-07-21 14:51:55.873,0.008687362,0
2704,43264,2025-07-21 14:52:01.595,0.008689854,0
2705,43280,2025-07-21 14:52:09.188,0.008688874,0
2706,43296,2025-07-21 14:52:14.824,0.008688155,0
2707,43312,2025-07-21 14:52:17.581,0.008686741,0
2708,43328,2025-07-21 14:52:24.816,0.008697332,0
2709,43344,2025-07-21 14:52:32.077,0.008688365,0
2710,43360,2025-07-21 14:52:39.793,0.008679873,0
2711,43376,2025-07-21 14:52:42.040,0.0086944485,0
2712,43392,2025-07-21 14:52:47.149,0.008682381,0
2713,43408,2025-07-21 14:52:55.612,0.008681788,0
2714,43424,2025-07-21 14:53:04.393,0.008685898,0
2715,43440,2025-07-21 14:53:06.756,0.008679063,0
2716,43456,2025-07-21 14:53:11.838,0.008684119,0
2717,43472,2025-07-21 14:53:17.817,0.008685713,0
2718,43488,2025-07-21 14:53:26.136,0.008689148,0
2719,43504,2025-07-21 14:53:31.297,0.008687851,0
2720,43520,2025-07-21 14:53:33.687,0.008690518,0
2721,43536,2025-07-21 14:53:40.914,0.008701275,0
2722,43552,2025-07-21 14:53:48.121,0.008688012,0
2723,43568,2025-07-21 14:53:57.834,0.008679822,0
2724,43584,2025-07-21 14:53:59.877,0.008690583,0
2725,43600,2025-07-21 14:54:06.596,0.008682242,0
2726,43616,2025-07-21 14:54:13.737,0.008681862,0
2727,43632,2025-07-21 14:54:22.445,0.008681873,0
2728,43648,2025-07-21 14:54:24.853,0.008683929,0
2729,43664,2025-07-21 14:54:29.938,0.008684642,0
2730,43680,2025-07-21 14:54:35.887,0.008682421,0
2731,43696,2025-07-21 14:54:45.543,0.00868998,0
2732,43712,2025-07-21 14:54:49.475,0.008683895,0
2733,43728,2025-07-21 14:54:51.874,0.008691655,0
2734,43744,2025-07-21 14:55:00.721,0.008701866,0
2735,43760,2025-07-21 14:55:08.220,0.00869198,0
2736,43776,2025-07-21 14:55:14.240,0.008683305,0
2737,43792,2025-07-21 14:55:15.917,0.008686823,0
2738,43808,2025-07-21 14:55:22.627,0.0086856065,0
2739,43824,2025-07-21 14:55:31.106,0.008681876,0
2740,43840,2025-07-21 14:55:38.939,0.008681811,0
2741,43856,2025-07-21 14:55:40.818,0.00868685,0
2742,43872,2025-07-21 14:55:46.240,0.008682682,0
2743,43888,2025-07-21 14:55:53.640,0.008681547,0
2744,43904,2025-07-21 14:56:01.711,0.00868949,0
2745,43920,2025-07-21 14:57:02.267,0.008684284,0
2746,43936,2025-07-21 14:57:07.639,0.008690441,0
2747,43952,2025-07-21 14:57:13.817,0.008698645,0
2748,43968,2025-07-21 14:57:21.275,0.008692481,0
2749,43984,2025-07-21 14:57:27.266,0.008683186,0
2750,44000,2025-07-21 14:57:29.691,0.008686823,0
2751,44016,2025-07-21 14:57:36.238,0.008689511,0
2752,44032,2025-07-21 14:57:44.049,0.008681871,0
2753,44048,2025-07-21 14:57:51.779,0.008681656,0
2754,44064,2025-07-21 14:57:53.722,0.008690741,0
2755,44080,2025-07-21 14:57:59.138,0.008682664,0
2756,44096,2025-07-21 14:58:06.557,0.008681474,0
2757,44112,2025-07-21 14:58:16.333,0.008685746,0
2758,44128,2025-07-21 14:58:18.988,0.008683004,0
2759,44144,2025-07-21 14:58:24.074,0.008690359,0
2760,44160,2025-07-21 14:58:29.797,0.008693821,0
2761,44176,2025-07-21 14:58:37.473,0.008692301,0
2762,44192,2025-07-21 14:58:43.164,0.00868311,0
2763,44208,2025-07-21 14:58:45.611,0.008686684,0
2764,44224,2025-07-21 14:58:53.146,0.008693424,0
2765,44240,2025-07-21 14:59:00.374,0.008685072,0
2766,44256,2025-07-21 14:59:08.095,0.008681492,0
2767,44272,2025-07-21 14:59:10.050,0.008690736,0
2768,44288,2025-07-21 14:59:15.540,0.008682559,0
2769,44304,2025-07-21 14:59:23.970,0.008681589,0
2770,44320,2025-07-21 14:59:32.387,0.008685866,0
2771,44336,2025-07-21 14:59:35.166,0.008679184,0
2772,44352,2025-07-21 14:59:40.213,0.008687362,0
2773,44368,2025-07-21 14:59:45.946,0.008689691,0
2774,44384,2025-07-21 14:59:53.592,0.008688875,0
2775,44400,2025-07-21 14:59:59.265,0.008688155,0
2776,44416,2025-07-21 15:00:02.029,0.008686741,0
2777,44432,2025-07-21 15:00:09.202,0.008697494,0
2778,44448,2025-07-21 15:00:16.457,0.008688365,0
2779,44464,2025-07-21 15:00:24.192,0.008679873,0
2780,44480,2025-07-21 15:00:26.415,0.0086944485,0
2781,44496,2025-07-21 15:00:31.678,0.008682382,0
2782,44512,2025-07-21 15:00:39.995,0.008681788,0
2783,44528,2025-07-21 15:00:48.703,0.008685899,0
2784,44544,2025-07-21 15:00:51.119,0.008679895,0
2785,44560,2025-07-21 15:00:56.168,0.008684951,0
2786,44576,2025-07-21 15:01:02.222,0.008686543,0
2787,44592,2025-07-21 15:01:10.485,0.008689981,0
2788,44608,2025-07-21 15:01:15.679,0.008687851,0
2789,44624,2025-07-21 15:01:18.075,0.008690518,0
2790,44640,2025-07-21 15:01:25.216,0.008703067,0
2791,44656,2025-07-21 15:01:32.255,0.008689754,0
2792,44672,2025-07-21 15:01:39.921,0.008681411,0
2793,44688,2025-07-21 15:01:41.953,0.008695527,0
2794,44704,2025-07-21 15:02:43.268,0.008683495,0
2795,44720,2025-07-21 15:02:50.707,0.008682306,0
2796,44736,2025-07-21 15:03:00.452,0.008686578,0
2797,44752,2025-07-21 15:03:03.590,0.008683004,0
2798,44768,2025-07-21 15:03:08.680,0.008690359,0
2799,44784,2025-07-21 15:03:14.508,0.008693822,0
2800,44800,2025-07-21 15:03:22.145,0.008692301,0
2801,44816,2025-07-21 15:04:32.252,0.00868311,0
2802,44832,2025-07-21 15:04:34.688,0.008730843,0
2803,44848,2025-07-21 15:04:42.335,0.008789549,0
2804,44864,2025-07-21 15:04:49.568,0.008780224,0
2805,44880,2025-07-21 15:05:47.502,0.008780923,0
2806,44896,2025-07-21 15:07:50.871,0.008740422,0
2807,44912,2025-07-21 15:07:58.136,0.008688193,0
2808,44928,2025-07-21 15:08:03.857,0.008690685,0
2809,44944,2025-07-21 15:08:11.573,0.008689706,0
2810,44960,2025-07-21 15:10:53.223,0.008687888,0
2811,44976,2025-07-21 15:10:55.988,0.008686742,0
2812,44992,2025-07-21 15:11:03.270,0.008697332,0
2813,45008,2025-07-21 15:11:10.555,0.008688444,0
2814,45024,2025-07-21 15:11:26.465,0.008679873,0
2815,45040,2025-07-21 15:11:28.433,0.008695281,0
2816,45056,2025-07-21 15:11:33.958,0.008683214,0
2817,45072,2025-07-21 15:11:42.259,0.008682542,0
2818,45088,2025-07-21 15:11:58.019,0.00868673,0
2819,45104,2025-07-21 15:12:00.406,0.008679063,0
2820,45120,2025-07-21 15:12:05.597,0.008684119,0
2821,45136,2025-07-21 15:12:11.575,0.008685711,0
2822,45152,2025-07-21 15:12:20.940,0.008689148,0
2823,45168,2025-07-21 15:12:46.138,0.008687851,0
2824,45184,2025-07-21 15:12:48.556,0.008690518,0
2825,45200,2025-07-21 15:12:55.949,0.008701275,0
2826,45216,2025-07-21 15:13:03.205,0.008688013,0
2827,45232,2025-07-21 15:13:16.914,0.008679824,0
2828,45248,2025-07-21 15:13:19.026,0.008691414,0
2829,45264,2025-07-21 15:13:25.648,0.008683072,0
2830,45280,2025-07-21 15:13:32.653,0.008682693,0
2831,45296,2025-07-21 15:13:48.706,0.0086827045,0
2832,45312,2025-07-21 15:13:51.112,0.008683954,0
2833,45328,2025-07-21 15:13:56.234,0.008683944,0
2834,45344,2025-07-21 15:14:02.231,0.0086824205,0
2835,45360,2025-07-21 15:14:11.839,0.008689981,0
2836,45376,2025-07-21 15:14:50.252,0.00868387,0
2837,45392,2025-07-21 15:14:52.646,0.008692352,0
2838,45408,2025-07-21 15:15:01.656,0.008701866,0
2839,45424,2025-07-21 15:15:09.176,0.00869198,0
2840,45440,2025-07-21 15:17:34.009,0.008683305,0
2841,45456,2025-07-21 15:17:35.802,0.008686823,0
2842,45472,2025-07-21 15:17:42.502,0.008685606,0
2843,45488,2025-07-21 15:17:51.022,0.008681877,0
2844,45504,2025-07-21 15:18:52.794,0.008681811,0
2845,45520,2025-07-21 15:18:54.746,0.008687681,0
2846,45536,2025-07-21 15:19:00.271,0.008683513,0
2847,45552,2025-07-21 15:19:07.688,0.0086823795,0
2848,45568,2025-07-21 15:19:15.619,0.008690321,0
2849,45584,2025-07-21 15:20:29.397,0.008684285,0
2850,45600,2025-07-21 15:20:34.820,0.008690442,0
2851,45616,2025-07-21 15:20:41.106,0.008698645,0
2852,45632,2025-07-21 15:20:48.394,0.008692481,0
2853,45648,2025-07-21 15:21:33.011,0.008683187,0
2854,45664,2025-07-21 15:21:35.440,0.008727862,0
2855,45680,2025-07-21 15:21:42.186,0.008789308,0
2856,45696,2025-07-21 15:21:49.913,0.008789906,0
2857,45712,2025-07-21 15:22:04.812,0.008793093,0
2858,45728,2025-07-21 15:22:17.700,0.008752718,0
2859,45744,2025-07-21 15:22:45.685,0.008694352,0
2860,45760,2025-07-21 15:23:33.882,0.008698326,0
2861,45776,2025-07-21 15:23:41.147,0.008689275,0
2862,45792,2025-07-21 15:23:48.858,0.008682232,0
2863,45808,2025-07-21 15:23:51.087,0.008694449,0
2864,45824,2025-07-21 15:23:56.353,0.008682381,0
2865,45840,2025-07-21 15:24:04.670,0.00868171,0
2866,45856,2025-07-21 15:24:13.403,0.008685898,0
2867,45872,2025-07-21 15:24:15.961,0.008679895,0
2868,45888,2025-07-21 15:24:20.977,0.008684951,0
2869,45904,2025-07-21 15:24:27.069,0.008686543,0
2870,45920,2025-07-21 15:24:35.497,0.008689981,0
2871,45936,2025-07-21 15:24:40.829,0.008687851,0
2872,45952,2025-07-21 15:24:43.226,0.008690518,0
2873,45968,2025-07-21 15:24:50.474,0.008701275,0
2874,45984,2025-07-21 15:24:57.713,0.008688013,0
2875,46000,2025-07-21 15:25:05.466,0.008679822,0
2876,46016,2025-07-21 15:25:07.642,0.008690583,0
2877,46032,2025-07-21 15:25:14.297,0.008682242,0
2878,46048,2025-07-21 15:25:21.264,0.008681862,0
2879,46064,2025-07-21 15:25:29.965,0.008681873,0
2880,46080,2025-07-21 15:25:32.472,0.008696059,0
2881,46096,2025-07-21 15:25:37.611,0.008765366,0
2882,46112,2025-07-21 15:25:43.690,0.008796186,0
2883,46128,2025-07-21 15:25:53.381,0.008793861,0
2884,46144,2025-07-21 15:25:56.947,0.0087669715,0
2885,46160,2025-07-21 15:26:41.278,0.008710486,0
2886,46176,2025-07-21 15:26:48.710,0.008686437,0
2887,46192,2025-07-21 15:26:57.078,0.008682708,0
2888,46208,2025-07-21 15:27:04.859,0.008682642,0
2889,46224,2025-07-21 15:27:06.749,0.008686849,0
2890,46240,2025-07-21 15:27:12.165,0.008682681,0
2891,46256,2025-07-21 15:27:19.670,0.008681549,0
2892,46272,2025-07-21 15:27:27.628,0.008689489,0
2893,46288,2025-07-21 15:27:31.419,0.008683453,0
2894,46304,2025-07-21 15:27:36.700,0.00868961,0
2895,46320,2025-07-21 15:27:43.016,0.008697812,0
2896,46336,2025-07-21 15:27:50.286,0.008731467,0
2897,46352,2025-07-21 15:27:56.328,0.008716469,0
2898,46368,2025-07-21 15:27:58.765,0.008717912,0
2899,46384,2025-07-21 15:28:05.476,0.008727206,0
2900,46400,2025-07-21 15:32:28.936,0.008684951,0
2901,46416,2025-07-21 15:32:34.999,0.008686543,0
2902,46432,2025-07-21 15:32:43.333,0.008689979,0
2903,46448,2025-07-21 15:32:48.648,0.008688682,0
2904,46464,2025-07-21 15:32:51.061,0.008691553,0
2905,46480,2025-07-21 15:32:58.428,0.008702106,0
2906,46496,2025-07-21 15:33:05.630,0.0086956825,0
2907,46512,2025-07-21 15:33:13.319,0.008686449,0
2908,46528,2025-07-21 15:33:15.576,0.008700038,0
2909,46544,2025-07-21 15:33:22.181,0.008689348,0
2910,46560,2025-07-21 15:33:57.306,0.008681588,0
2911,46576,2025-07-21 15:34:05.868,0.008685865,0
2912,46592,2025-07-21 15:34:08.745,0.008679183,0
2913,46608,2025-07-21 15:34:14.451,0.008687362,0
2914,46624,2025-07-21 15:34:20.215,0.008689853,0
2915,46640,2025-07-21 15:34:27.930,0.008688874,0
2916,46656,2025-07-21 15:34:33.823,0.008688155,0
2917,46672,2025-07-21 15:34:36.588,0.008686741,0
2918,46688,2025-07-21 15:34:43.881,0.008697332,0
2919,46704,2025-07-21 15:34:51.084,0.008688365,0
2920,46720,2025-07-21 15:34:58.816,0.008679874,0
2921,46736,2025-07-21 15:35:01.048,0.008695281,0
2922,46752,2025-07-21 15:35:06.281,0.008683214,0
2923,46768,2025-07-21 15:35:14.627,0.008682619,0
2924,46784,2025-07-21 15:35:23.404,0.008686729,0
2925,46800,2025-07-21 15:35:25.822,0.008679894,0
2926,46816,2025-07-21 15:35:30.843,0.008684951,0
2927,46832,2025-07-21 15:35:36.996,0.0087001,0
2928,46848,2025-07-21 15:35:45.639,0.008697864,0
2929,46864,2025-07-21 15:35:50.894,0.008687606,0
2930,46880,2025-07-21 15:35:53.294,0.008694474,0
2931,46896,2025-07-21 15:37:42.012,0.008689511,0
2932,46912,2025-07-21 15:37:49.960,0.00868187,0
2933,46928,2025-07-21 15:37:57.703,0.008681656,0
2934,46944,2025-07-21 15:37:59.744,0.008709238,0
2935,46960,2025-07-21 15:38:05.266,0.008771907,0
2936,46976,2025-07-21 15:38:12.721,0.008788028,0
2937,46992,2025-07-21 15:38:22.430,0.00879078,0
2938,47008,2025-07-21 15:38:56.202,0.008760351,0
2939,47024,2025-07-21 15:38:59.944,0.008700532,0
2940,47040,2025-07-21 15:39:07.651,0.008693424,0
2941,47056,2025-07-21 15:39:14.696,0.008685071,0
2942,47072,2025-07-21 15:39:22.558,0.008681493,0
2943,47088,2025-07-21 15:39:24.598,0.008690736,0
2944,47104,2025-07-21 15:39:29.996,0.008682552,0
2945,47120,2025-07-21 15:39:38.562,0.008681601,0
2946,47136,2025-07-21 15:39:47.054,0.008685866,0
2947,47152,2025-07-21 15:39:49.789,0.008692828,0
2948,47168,2025-07-21 15:39:54.822,0.008757978,0
2949,47184,2025-07-21 15:40:00.547,0.008799906,0
2950,47200,2025-07-21 15:40:08.155,0.008789971,0
2951,47216,2025-07-21 15:40:13.855,0.008767115,0
2952,47232,2025-07-21 15:40:35.120,0.008743204,0
2953,47248,2025-07-21 15:40:41.934,0.008779233,0
2954,47264,2025-07-21 15:40:50.230,0.008780232,0
2955,47280,2025-07-21 15:40:58.967,0.008787779,0
2956,47296,2025-07-21 15:41:50.772,0.008760588,0
2957,47312,2025-07-21 15:41:54.890,0.00869135,0
2958,47328,2025-07-21 15:42:02.314,0.008702107,0
2959,47344,2025-07-21 15:42:09.362,0.008688844,0
2960,47360,2025-07-21 15:42:17.100,0.008679822,0
2961,47376,2025-07-21 15:42:19.321,0.008690583,0
2962,47392,2025-07-21 15:42:25.969,0.008682242,0
2963,47408,2025-07-21 15:42:32.938,0.008681862,0
2964,47424,2025-07-21 15:42:41.600,0.008681873,0
2965,47440,2025-07-21 15:42:44.008,0.008683123,0
2966,47456,2025-07-21 15:42:49.191,0.008683112,0
2967,47472,2025-07-21 15:42:55.239,0.008681589,0
2968,47488,2025-07-21 15:43:04.691,0.008689148,0
2969,47504,2025-07-21 15:43:08.606,0.00868387,0
2970,47520,2025-07-21 15:43:11.006,0.008692352,0
2971,47536,2025-07-21 15:43:19.971,0.008701866,0
2972,47552,2025-07-21 15:43:27.505,0.00869198,0
2973,47568,2025-07-21 15:43:33.612,0.008683305,0
2974,47584,2025-07-21 15:43:35.369,0.0087210545,0
2975,47600,2025-07-21 15:43:42.099,0.008781851,0
2976,47616,2025-07-21 15:43:50.592,0.008776989,0
2977,47632,2025-07-21 15:43:58.513,0.008784865,0
2978,47648,2025-07-21 15:45:53.060,0.008750466,0
2979,47664,2025-07-21 15:46:00.173,0.008690441,0
2980,47680,2025-07-21 15:46:06.490,0.008698645,0
2981,47696,2025-07-21 15:46:13.896,0.008692481,0
2982,47712,2025-07-21 15:46:19.936,0.008683187,0
2983,47728,2025-07-21 15:46:22.368,0.008690421,0
2984,47744,2025-07-21 15:46:29.132,0.00868951,0
2985,47760,2025-07-21 15:46:37.018,0.00868187,0
2986,47776,2025-07-21 15:46:44.863,0.008681656,0
2987,47792,2025-07-21 15:46:46.806,0.008705641,0
2988,47808,2025-07-21 15:46:52.344,0.008771907,0
2989,47824,2025-07-21 15:46:59.806,0.008788028,0
2990,47840,2025-07-21 15:47:09.547,0.008790779,0
2991,47856,2025-07-21 15:47:41.438,0.008760351,0
2992,47872,2025-07-21 15:47:45.242,0.008700531,0
2993,47888,2025-07-21 15:47:52.940,0.008693424,0
2994,47904,2025-07-21 15:48:00.084,0.008685073,0
2995,47920,2025-07-21 15:48:07.839,0.008681492,0
2996,47936,2025-07-21 15:48:09.870,0.008691568,0
2997,47952,2025-07-21 15:48:15.258,0.008683391,0
2998,47968,2025-07-21 15:48:23.870,0.0086824205,0
2999,47984,2025-07-21 15:48:32.325,0.008686697,0
3000,48000,2025-07-21 15:48:35.080,0.008679183,0
3001,48016,2025-07-21 15:48:40.229,0.008687361,0
3002,48032,2025-07-21 15:48:46.063,0.008689853,0
3003,48048,2025-07-21 15:48:53.724,0.008688874,0
3004,48064,2025-07-21 15:48:59.385,0.008688155,0
3005,48080,2025-07-21 15:49:02.153,0.008686742,0
3006,48096,2025-07-21 15:49:09.560,0.008697331,0
3007,48112,2025-07-21 15:49:16.927,0.008688365,0
3008,48128,2025-07-21 15:49:24.741,0.008679873,0
3009,48144,2025-07-21 15:49:26.841,0.008718757,0
3010,48160,2025-07-21 15:49:32.144,0.008778779,0
3011,48176,2025-07-21 15:49:40.407,0.008794926,0
3012,48192,2025-07-21 15:49:49.203,0.008797612,0
3013,48208,2025-07-21 16:19:28.528,0.008760351,0
3014,48224,2025-07-21 16:19:32.577,0.008701363,0
3015,48240,2025-07-21 16:20:09.859,0.008694257,0
3016,48256,2025-07-21 16:20:16.971,0.008685904,0
3017,48272,2025-07-21 16:20:24.705,0.008682324,0
3018,48288,2025-07-21 16:20:26.980,0.008690736,0
3019,48304,2025-07-21 16:20:32.312,0.00868256,0
3020,48320,2025-07-21 16:20:40.761,0.008681589,0
3021,48336,2025-07-21 16:20:49.184,0.008685866,0
3022,48352,2025-07-21 16:20:51.936,0.008680015,0
3023,48368,2025-07-21 16:21:32.276,0.008688194,0
3024,48384,2025-07-21 16:21:38.042,0.008690685,0
3025,48400,2025-07-21 16:21:45.744,0.008689705,0
3026,48416,2025-07-21 16:21:51.509,0.008688987,0
3027,48432,2025-07-21 16:21:54.272,0.008687573,0
3028,48448,2025-07-21 16:22:01.581,0.008698164,0
3029,48464,2025-07-21 16:22:08.876,0.008689196,0
3030,48480,2025-07-21 16:22:16.651,0.008679873,0
3031,48496,2025-07-21 16:22:18.815,0.00869528,0
3032,48512,2025-07-21 16:22:40.593,0.008683206,0
3033,48528,2025-07-21 16:22:49.011,0.00868262,0
3034,48544,2025-07-21 16:22:57.780,0.00868673,0
3035,48560,2025-07-21 16:23:00.292,0.008679063,0
3036,48576,2025-07-21 16:23:05.324,0.008690905,0
3037,48592,2025-07-21 16:23:11.345,0.008731169,0
3038,48608,2025-07-21 16:23:19.877,0.0087213935,0
3039,48624,2025-07-21 16:23:25.083,0.008711695,0
3040,48640,2025-07-21 16:26:12.414,0.008721375,0
3041,48656,2025-07-21 16:26:50.130,0.008682641,0
3042,48672,2025-07-21 16:26:58.623,0.008681601,0
3043,48688,2025-07-21 16:27:07.042,0.008685866,0
3044,48704,2025-07-21 16:27:09.922,0.008680014,0
3045,48720,2025-07-21 16:27:16.547,0.008688112,0
3046,48736,2025-07-21 16:27:22.286,0.008690674,0
3047,48752,2025-07-21 16:27:30.199,0.008689705,0
3048,48768,2025-07-21 16:27:36.140,0.008693151,0
3049,48784,2025-07-21 16:27:38.902,0.008696205,0
3050,48800,2025-07-21 16:27:46.192,0.008704148,0
3051,48816,2025-07-21 16:27:53.462,0.0086952085,0
3052,48832,2025-07-21 16:28:16.054,0.008681656,0
3053,48848,2025-07-21 16:28:18.000,0.008691572,0
3054,48864,2025-07-21 16:28:27.432,0.008683495,0
3055,48880,2025-07-21 16:28:34.847,0.008682306,0
3056,48896,2025-07-21 16:28:44.560,0.008686578,0
3057,48912,2025-07-21 16:28:47.339,0.008683004,0
3058,48928,2025-07-21 16:28:52.547,0.008690359,0
3059,48944,2025-07-21 16:28:58.271,0.008693821,0
3060,48960,2025-07-21 16:29:05.976,0.0086923,0
3061,48976,2025-07-21 16:29:11.663,0.00868311,0
3062,48992,2025-07-21 16:29:14.109,0.008730844,0
3063,49008,2025-07-21 16:29:22.276,0.008789549,0
3064,49024,2025-07-21 16:29:29.400,0.008780224,0
3065,49040,2025-07-21 16:29:37.043,0.008780922,0
3066,49056,2025-07-21 16:29:57.506,0.008739323,0
3067,49072,2025-07-21 16:30:04.706,0.008687362,0
3068,49088,2025-07-21 16:30:10.504,0.008689853,0
3069,49104,2025-07-21 16:30:18.198,0.008688874,0
3070,49120,2025-07-21 16:30:23.799,0.008688156,0
3071,49136,2025-07-21 16:30:26.555,0.008686742,0
3072,49152,2025-07-21 16:30:33.819,0.008697332,0
3073,49168,2025-07-21 16:30:41.107,0.008688444,0
3074,49184,2025-07-21 16:30:48.995,0.008679873,0
3075,49200,2025-07-21 16:30:51.329,0.008694449,0
3076,49216,2025-07-21 16:30:56.437,0.008713278,0
3077,49232,2025-07-21 16:31:04.892,0.008754242,0
3078,49248,2025-07-21 16:31:13.716,0.008763706,0
3079,49264,2025-07-21 16:31:16.225,0.008749984,0
3080,49280,2025-07-21 16:34:43.567,0.008728164,0
3081,49296,2025-07-21 16:35:33.151,0.008700395,0
3082,49312,2025-07-21 16:35:55.726,0.008694256,0
3083,49328,2025-07-21 16:36:02.855,0.008685904,0
3084,49344,2025-07-21 16:36:10.608,0.008682324,0
3085,49360,2025-07-21 16:36:12.787,0.008691568,0
3086,49376,2025-07-21 16:36:18.183,0.008683392,0
3087,49392,2025-07-21 16:36:26.681,0.0087309815,0
3088,49408,2025-07-21 16:36:35.042,0.008724014,0
3089,49424,2025-07-21 16:36:37.802,0.008715327,0
3090,49440,2025-07-21 16:36:42.905,0.008729701,0
3091,49456,2025-07-21 16:37:11.335,0.008690442,0
3092,49472,2025-07-21 16:37:17.568,0.008698644,0
3093,49488,2025-07-21 16:37:24.884,0.00869248,0
3094,49504,2025-07-21 16:37:30.895,0.008683186,0
3095,49520,2025-07-21 16:37:33.333,0.008686823,0
3096,49536,2025-07-21 16:37:40.141,0.008689511,0
3097,49552,2025-07-21 16:37:48.008,0.00868187,0
3098,49568,2025-07-21 16:37:55.822,0.008681656,0
3099,49584,2025-07-21 16:37:57.707,0.008691572,0
3100,49600,2025-07-21 16:38:20.270,0.008683494,0
3101,49616,2025-07-21 16:38:27.646,0.008682305,0
3102,49632,2025-07-21 16:38:37.419,0.008686579,0
3103,49648,2025-07-21 16:38:40.188,0.008683004,0
3104,49664,2025-07-21 16:38:45.388,0.008690359,0
3105,49680,2025-07-21 16:38:51.189,0.008693822,0
3106,49696,2025-07-21 16:38:58.888,0.0086923,0
3107,49712,2025-07-21 16:39:04.609,0.008683111,0
3108,49728,2025-07-21 16:39:07.049,0.008687516,0
3109,49744,2025-07-21 16:39:31.672,0.008694256,0
3110,49760,2025-07-21 16:39:38.937,0.008685904,0
3111,49776,2025-07-21 16:39:46.655,0.008682324,0
3112,49792,2025-07-21 16:39:48.863,0.008690736,0
3113,49808,2025-07-21 16:39:54.253,0.008682559,0
3114,49824,2025-07-21 16:40:02.747,0.008681589,0
3115,49840,2025-07-21 16:40:11.265,0.008685866,0
3116,49856,2025-07-21 16:40:14.000,0.008680015,0
3117,49872,2025-07-21 16:40:35.386,0.008688194,0
3118,49888,2025-07-21 16:40:41.111,0.008705324,0
3119,49904,2025-07-21 16:40:48.752,0.008703044,0
3120,49920,2025-07-21 16:40:54.507,0.00869321,0
3121,49936,2025-07-21 16:40:57.268,0.008696205,0
3122,49952,2025-07-21 16:42:31.547,0.008689511,0
3123,49968,2025-07-21 16:42:39.354,0.008681869,0
3124,49984,2025-07-21 16:42:47.069,0.008681596,0
3125,50000,2025-07-21 16:42:49.106,0.008690741,0
3126,50016,2025-07-21 16:42:54.529,0.008682663,0
3127,50032,2025-07-21 16:43:01.948,0.008681473,0
3128,50048,2025-07-21 16:43:11.597,0.008685747,0
3129,50064,2025-07-21 16:43:14.328,0.008683004,0
3130,50080,2025-07-21 16:43:19.368,0.008690359,0
3131,50096,2025-07-21 16:43:25.151,0.008693822,0
3132,50112,2025-07-21 16:43:32.798,0.008692301,0
3133,50128,2025-07-21 16:43:38.770,0.008683111,0
3134,50144,2025-07-21 16:43:41.204,0.008686684,0
3135,50160,2025-07-21 16:43:48.899,0.008693424,0
3136,50176,2025-07-21 16:43:55.938,0.0087325405,0
3137,50192,2025-07-21 16:44:03.656,0.008723128,0
3138,50208,2025-07-21 16:44:05.718,0.008727231,0
3139,50224,2025-07-21 16:44:12.743,0.008744374,0
3140,50240,2025-07-21 16:44:40.370,0.008769553,0
3141,50256,2025-07-21 16:44:47.783,0.008807196,1
3142,50272,2025-07-21 16:45:10.370,0.008790729,0
3143,50288,2025-07-21 16:45:15.268,0.008770426,0
3144,50304,2025-07-21 16:49:14.355,0.008716307,0
3145,50320,2025-07-21 16:49:50.843,0.008682242,0
3146,50336,2025-07-21 16:49:57.997,0.008681862,0
3147,50352,2025-07-21 16:50:06.778,0.008681873,0
3148,50368,2025-07-21 16:50:09.291,0.008683124,0
3149,50384,2025-07-21 16:50:14.359,0.008683113,0
3150,50400,2025-07-21 16:50:20.443,0.008681589,0
3151,50416,2025-07-21 16:50:30.138,0.008689148,0
3152,50432,2025-07-21 16:50:34.026,0.00868387,0
3153,50448,2025-07-21 16:50:36.493,0.008692351,0
3154,50464,2025-07-21 16:50:45.593,0.00870701,0
3155,50480,2025-07-21 16:50:53.012,0.008693686,0
3156,50496,2025-07-21 16:50:59.058,0.008684727,0
3157,50512,2025-07-21 16:51:00.935,0.008694528,0
3158,50528,2025-07-21 16:56:03.425,0.008682559,0
3159,50544,2025-07-21 16:56:11.967,0.008681589,0
3160,50560,2025-07-21 16:56:20.620,0.008685866,0
3161,50576,2025-07-21 16:56:23.423,0.008680015,0
3162,50592,2025-07-21 16:56:28.514,0.008688194,0
3163,50608,2025-07-21 16:56:34.421,0.008690523,0
3164,50624,2025-07-21 16:56:42.074,0.008689706,0
3165,50640,2025-07-21 16:56:47.906,0.008688986,0
3166,50656,2025-07-21 16:56:50.666,0.008687573,0
3167,50672,2025-07-21 16:56:57.958,0.008698326,0
3168,50688,2025-07-21 16:57:05.235,0.008689196,0
3169,50704,2025-07-21 16:57:12.913,0.008679873,0
3170,50720,2025-07-21 16:57:15.198,0.008695281,0
3171,50736,2025-07-21 16:57:20.466,0.008683214,0
3172,50752,2025-07-21 16:57:28.759,0.00868262,0
3173,50768,2025-07-21 16:57:37.468,0.008686731,0
3174,50784,2025-07-21 16:57:39.877,0.008679063,0
3175,50800,2025-07-21 16:57:44.954,0.008684119,0
3176,50816,2025-07-21 16:57:51.089,0.008685711,0
3177,50832,2025-07-21 16:58:00.414,0.008689149,0
3178,50848,2025-07-21 16:58:08.622,0.008687851,0
3179,50864,2025-07-21 16:58:11.012,0.008690519,0
3180,50880,2025-07-21 16:58:18.347,0.008701275,0
3181,50896,2025-07-21 16:58:25.654,0.008688012,0
3182,50912,2025-07-21 16:58:38.857,0.008679822,0
3183,50928,2025-07-21 16:58:40.952,0.008690583,0
3184,50944,2025-07-21 16:58:47.682,0.008682242,0
3185,50960,2025-07-21 16:58:54.827,0.008681862,0
3186,50976,2025-07-21 16:59:10.773,0.008681873,0
3187,50992,2025-07-21 16:59:13.175,0.008683124,0
3188,51008,2025-07-21 16:59:18.363,0.008683112,0
3189,51024,2025-07-21 16:59:24.445,0.008681589,0
3190,51040,2025-07-21 16:59:34.015,0.008689149,0
3191,51056,2025-07-21 16:59:45.287,0.008683871,0
3192,51072,2025-07-21 16:59:47.686,0.008692351,0
3193,51088,2025-07-21 16:59:56.579,0.008701866,0
3194,51104,2025-07-21 17:00:04.190,0.00869198,0
3195,51120,2025-07-21 17:00:17.927,0.008683305,0
3196,51136,2025-07-21 17:00:19.777,0.008686823,0
3197,51152,2025-07-21 17:00:26.463,0.008685606,0
3198,51168,2025-07-21 17:00:34.733,0.008681877,0
3199,51184,2025-07-21 17:00:49.994,0.00868181,0
3200,51200,2025-07-21 17:00:51.933,0.00868685,0
3201,51216,2025-07-21 17:00:57.492,0.008682681,0
3202,51232,2025-07-21 17:01:04.957,0.008681549,0
3203,51248,2025-07-21 17:01:12.966,0.008689489,0
3204,51264,2025-07-21 17:02:37.642,0.008683453,0
3205,51280,2025-07-21 17:02:43.027,0.00868961,0
3206,51296,2025-07-21 17:02:49.217,0.008697812,0
3207,51312,2025-07-21 17:02:56.528,0.00869165,0
3208,51328,2025-07-21 17:06:04.529,0.008683187,0
3209,51344,2025-07-21 17:06:06.964,0.008686824,0
3210,51360,2025-07-21 17:06:13.667,0.00868951,0
3211,51376,2025-07-21 17:06:21.431,0.008681871,0
3212,51392,2025-07-21 17:06:36.521,0.008681656,0
3213,51408,2025-07-21 17:06:38.421,0.008691572,0
3214,51424,2025-07-21 17:06:43.944,0.008687065,0
3215,51440,2025-07-21 17:06:51.488,0.008688039,0
3216,51456,2025-07-21 17:07:01.093,0.008695651,0
3217,51472,2025-07-21 17:07:27.406,0.00868854,0
3218,51488,2025-07-21 17:08:27.551,0.008691351,0
3219,51504,2025-07-21 17:09:55.035,0.008702107,0
3220,51520,2025-07-21 17:10:02.233,0.008688845,0
3221,51536,2025-07-21 17:10:10.014,0.008686448,0
3222,51552,2025-07-21 17:10:12.403,0.00870024,0
3223,51568,2025-07-21 17:10:19.053,0.008689348,0
3224,51584,2025-07-21 17:10:26.030,0.008688427,0
3225,51600,2025-07-21 17:11:03.322,0.008685866,0
3226,51616,2025-07-21 17:11:06.009,0.008679183,0
3227,51632,2025-07-21 17:11:15.261,0.008687361,0
3228,51648,2025-07-21 17:11:21.090,0.008689853,0
3229,51664,2025-07-21 17:11:28.848,0.008688874,0
3230,51680,2025-07-21 17:11:34.440,0.008688987,0
3231,51696,2025-07-21 17:11:37.194,0.008687573,0
3232,51712,2025-07-21 17:11:44.981,0.008698163,0
3233,51728,2025-07-21 17:11:52.290,0.008689197,0
3234,51744,2025-07-21 17:11:59.981,0.008679873,0
3235,51760,2025-07-21 17:12:02.227,0.00869528,0
3236,51776,2025-07-21 17:12:07.577,0.008683213,0
3237,51792,2025-07-21 17:12:16.061,0.00868262,0
3238,51808,2025-07-21 17:12:24.736,0.008686731,0
3239,51824,2025-07-21 17:12:27.193,0.0086898785,0
3240,51840,2025-07-21 17:12:32.478,0.008762479,0
3241,51856,2025-07-21 17:12:38.519,0.008800551,1
3242,51872,2025-07-21 17:12:46.815,0.008790725,0
3243,51888,2025-07-21 17:12:51.648,0.008770423,0
3244,51904,2025-07-21 17:13:30.743,0.008747482,0
3245,51920,2025-07-21 17:13:49.132,0.008782579,0
3246,51936,2025-07-21 17:13:56.204,0.008805761,1
3247,51952,2025-07-21 17:14:04.989,0.008807547,1
3248,51968,2025-07-21 17:32:27.613,0.008763658,0
3249,51984,2025-07-21 17:32:33.903,0.008703179,0
3250,52000,2025-07-21 17:33:10.078,0.008689511,0
3251,52016,2025-07-21 17:33:17.824,0.008681871,0
3252,52032,2025-07-21 17:33:25.668,0.008681656,0
3253,52048,2025-07-21 17:33:27.655,0.008691572,0
3254,52064,2025-07-21 17:33:33.141,0.008683495,0
3255,52080,2025-07-21 17:33:40.642,0.008682305,0
3256,52096,2025-07-21 17:33:50.316,0.008686579,0
3257,52112,2025-07-21 17:33:53.028,0.008689716,0
3258,52128,2025-07-21 17:33:58.139,0.008754212,0
3259,52144,2025-07-21 17:34:03.956,0.008799978,1
3260,52160,2025-07-21 17:34:11.747,0.008790105,0
3261,52176,2025-07-21 17:34:17.454,0.008770623,0
3262,52192,2025-07-21 17:35:39.696,0.008726299,0
3263,52208,2025-07-21 17:35:46.464,0.00868256,0
3264,52224,2025-07-21 17:35:54.806,0.008681589,0
3265,52240,2025-07-21 17:36:03.226,0.008685865,0
3266,52256,2025-07-21 17:36:05.961,0.008680015,0
3267,52272,2025-07-21 17:36:10.982,0.008688194,0
3268,52288,2025-07-21 17:36:16.762,0.008690685,0
3269,52304,2025-07-21 17:36:24.380,0.008703044,0
3270,52320,2025-07-21 17:36:30.041,0.008693151,0
3271,52336,2025-07-21 17:36:32.857,0.008696205,0
3272,52352,2025-07-21 17:36:40.259,0.008704149,0
3273,52368,2025-07-21 17:37:09.013,0.00868187,0
3274,52384,2025-07-21 17:37:16.832,0.008681656,0
3275,52400,2025-07-21 17:37:18.725,0.008690741,0
3276,52416,2025-07-21 17:37:26.717,0.008682663,0
3277,52432,2025-07-21 17:37:34.289,0.008681474,0
3278,52448,2025-07-21 17:37:44.078,0.008685747,0
3279,52464,2025-07-21 17:37:46.841,0.008683837,0
3280,52480,2025-07-21 17:37:52.091,0.008691191,0
3281,52496,2025-07-21 17:37:57.865,0.008694653,0
3282,52512,2025-07-21 17:38:05.500,0.008693132,0
3283,52528,2025-07-21 17:38:11.232,0.00868311,0
3284,52544,2025-07-21 17:38:13.665,0.008686684,0
3285,52560,2025-07-21 17:38:21.562,0.008693424,0
3286,52576,2025-07-21 17:38:28.649,0.008685071,0
3287,52592,2025-07-21 17:38:36.415,0.008681491,0
3288,52608,2025-07-21 17:38:38.561,0.008691568,0
3289,52624,2025-07-21 17:38:44.091,0.008683391,0
3290,52640,2025-07-21 17:38:52.468,0.00868242,0
3291,52656,2025-07-21 17:39:00.829,0.008686698,0
3292,52672,2025-07-21 17:39:03.615,0.008715903,0
3293,52688,2025-07-21 17:39:09.111,0.008775462,0
3294,52704,2025-07-21 17:39:14.876,0.008775712,0
3295,52720,2025-07-21 17:39:22.538,0.008775669,0
3296,52736,2025-07-21 17:41:33.427,0.008740144,0
3297,52752,2025-07-21 17:42:09.744,0.008684951,0
3298,52768,2025-07-21 17:42:15.773,0.008686543,0
3299,52784,2025-07-21 17:42:24.212,0.008699759,0
3300,52800,2025-07-21 17:42:29.615,0.008692808,0
3301,52816,2025-07-21 17:42:32.019,0.0087000225,0
3302,52832,2025-07-21 17:42:39.520,0.008708063,0
3303,52848,2025-07-21 17:43:06.648,0.008685072,0
3304,52864,2025-07-21 17:43:14.368,0.008681492,0
3305,52880,2025-07-21 17:43:16.486,0.008707568,0
3306,52896,2025-07-21 17:43:21.980,0.008775701,0
3307,52912,2025-07-21 17:43:30.485,0.008784175,0
3308,52928,2025-07-21 17:43:38.929,0.008787473,0
3309,52944,2025-07-21 17:44:25.708,0.008763238,0
3310,52960,2025-07-21 17:44:29.725,0.008693694,0
3311,52976,2025-07-21 17:44:37.099,0.008697332,0
3312,52992,2025-07-21 17:44:44.525,0.008695208,0
3313,53008,2025-07-21 17:44:52.621,0.0086866515,0
3314,53024,2025-07-21 17:44:54.714,0.008718701,0
3315,53040,2025-07-21 17:45:00.001,0.008775579,0
3316,53056,2025-07-21 17:45:31.886,0.008819994,1
3317,53072,2025-07-21 17:45:41.561,0.008814102,1
3318,53088,2025-07-21 17:46:05.906,0.008780311,0
3319,53104,2025-07-21 17:47:27.833,0.008747353,0
3320,53120,2025-07-21 17:48:02.956,0.008768668,0
3321,53136,2025-07-21 17:48:10.368,0.008792093,0
3322,53152,2025-07-21 17:48:18.470,0.008793871,0
3323,53168,2025-07-21 17:49:27.703,0.008763655,0
3324,53184,2025-07-21 17:49:31.488,0.0087040095,0
3325,53200,2025-07-21 17:50:12.342,0.008690342,0
3326,53216,2025-07-21 17:50:20.242,0.008682702,0
3327,53232,2025-07-21 17:50:28.313,0.0086824875,0
3328,53248,2025-07-21 17:50:30.364,0.00869074,0
3329,53264,2025-07-21 17:50:35.796,0.008682663,0
3330,53280,2025-07-21 17:50:43.276,0.008681473,0
3331,53296,2025-07-21 17:50:52.978,0.008685747,0
3332,53312,2025-07-21 17:50:55.774,0.008680298,0
3333,53328,2025-07-21 17:51:00.858,0.008687398,0
3334,53344,2025-07-21 17:51:06.682,0.008694653,0
3335,53360,2025-07-21 17:51:14.192,0.008693133,0
3336,53376,2025-07-21 17:51:19.919,0.008686649,0
3337,53392,2025-07-21 17:51:22.351,0.008690477,0
3338,53408,2025-07-21 17:51:29.984,0.008693424,0
3339,53424,2025-07-21 17:51:37.088,0.008685072,0
3340,53440,2025-07-21 17:51:45.308,0.008681491,0
3341,53456,2025-07-21 17:51:47.358,0.008690736,0
3342,53472,2025-07-21 17:51:52.652,0.008682559,0
3343,53488,2025-07-21 17:52:00.948,0.008681589,0
3344,53504,2025-07-21 17:52:13.374,0.008685865,0
3345,53520,2025-07-21 17:52:16.321,0.008680015,0
3346,53536,2025-07-21 17:52:23.388,0.008688194,0
3347,53552,2025-07-21 17:52:29.054,0.008690685,0
3348,53568,2025-07-21 17:52:36.669,0.008689704,0
3349,53584,2025-07-21 17:52:45.283,0.008688155,0
3350,53600,2025-07-21 17:52:48.044,0.008686741,0
3351,53616,2025-07-21 17:53:01.703,0.008697332,0
3352,53632,2025-07-21 17:53:08.818,0.008688365,0
3353,53648,2025-07-21 17:53:18.066,0.008679873,0
3354,53664,2025-07-21 17:53:20.312,0.008695279,0
3355,53680,2025-07-21 17:53:25.492,0.008683213,0
3356,53696,2025-07-21 17:53:33.889,0.008682619,0
3357,53712,2025-07-21 17:53:49.490,0.00868673,0
3358,53728,2025-07-21 17:53:51.909,0.008679063,0
3359,53744,2025-07-21 17:53:57.046,0.008684119,0
3360,53760,2025-07-21 17:54:03.036,0.008685712,0
3361,53776,2025-07-21 17:54:12.112,0.008689148,0
3362,53792,2025-07-21 17:54:23.717,0.008705484,0
3363,53808,2025-07-21 17:54:26.112,0.00876126,0
3364,53824,2025-07-21 17:54:33.450,0.008759417,0
3365,53840,2025-07-21 17:54:40.450,0.008756024,0
3366,53856,2025-07-21 17:57:23.816,0.008740156,0
3367,53872,2025-07-21 17:58:01.012,0.008688194,0
3368,53888,2025-07-21 17:58:06.741,0.008690685,0
3369,53904,2025-07-21 17:58:14.349,0.008689705,0
3370,53920,2025-07-21 17:58:20.650,0.008688156,0
3371,53936,2025-07-21 17:58:23.422,0.008686741,0
3372,53952,2025-07-21 17:58:30.736,0.008697332,0
3373,53968,2025-07-21 17:58:38.020,0.008688365,0
3374,53984,2025-07-21 17:59:33.172,0.008679873,0
3375,54000,2025-07-21 17:59:35.353,0.00869528,0
3376,54016,2025-07-21 17:59:40.741,0.008683206,0
3377,54032,2025-07-21 17:59:49.189,0.00868262,0
3378,54048,2025-07-21 18:00:38.548,0.00868673,0
3379,54064,2025-07-21 18:00:40.955,0.008679063,0
3380,54080,2025-07-21 18:00:46.119,0.008684128,0
3381,54096,2025-07-21 18:00:52.097,0.008685713,0
3382,54112,2025-07-21 18:01:01.391,0.008689148,0
3383,54128,2025-07-21 18:01:13.130,0.008688683,0
3384,54144,2025-07-21 18:01:15.519,0.00869135,0
3385,54160,2025-07-21 18:01:22.889,0.008702106,0
3386,54176,2025-07-21 18:01:30.064,0.008688845,0
3387,54192,2025-07-21 18:02:16.773,0.008679822,0
3388,54208,2025-07-21 18:02:18.939,0.008690583,0
3389,54224,2025-07-21 18:02:25.793,0.008682242,0
3390,54240,2025-07-21 18:02:32.819,0.008681862,0
3391,54256,2025-07-21 18:02:48.712,0.008681873,0
3392,54272,2025-07-21 18:02:51.127,0.008725395,0
3393,54288,2025-07-21 18:02:56.344,0.008763085,0
3394,54304,2025-07-21 18:03:02.290,0.008763388,0
3395,54320,2025-07-21 18:03:11.953,0.00876329,0
3396,54336,2025-07-21 18:05:36.056,0.008723314,0
3397,54352,2025-07-21 18:06:12.392,0.008682381,0
3398,54368,2025-07-21 18:06:20.858,0.008681787,0
3399,54384,2025-07-21 18:06:30.510,0.008685898,0
3400,54400,2025-07-21 18:06:33.118,0.008679063,0
3401,54416,2025-07-21 18:06:38.250,0.008684119,0
3402,54432,2025-07-21 18:06:44.325,0.008685712,0
3403,54448,2025-07-21 18:06:53.560,0.008689148,0
3404,54464,2025-07-21 18:07:28.299,0.008687851,0
3405,54480,2025-07-21 18:07:30.708,0.008690519,0
3406,54496,2025-07-21 18:07:38.102,0.008701275,0
3407,54512,2025-07-21 18:07:45.373,0.008688012,0
3408,54528,2025-07-21 18:08:00.502,0.008679822,0
3409,54544,2025-07-21 18:08:02.744,0.008691415,0
3410,54560,2025-07-21 18:08:09.395,0.008683072,0
3411,54576,2025-07-21 18:08:16.356,0.008682693,0
3412,54592,2025-07-21 18:08:32.301,0.0086827045,0
3413,54608,2025-07-21 18:08:34.697,0.008683124,0
3414,54624,2025-07-21 18:08:39.876,0.008683112,0
3415,54640,2025-07-21 18:08:45.879,0.00868159,0
3416,54656,2025-07-21 18:08:55.520,0.00868915,0
3417,54672,2025-07-21 18:09:07.265,0.00868387,0
3418,54688,2025-07-21 18:09:09.661,0.008692351,0
3419,54704,2025-07-21 18:09:18.691,0.008701865,0
3420,54720,2025-07-21 18:09:26.218,0.00869198,0
3421,54736,2025-07-21 18:09:39.444,0.008683305,0
3422,54752,2025-07-21 18:09:41.325,0.008686706,0
3423,54768,2025-07-21 18:09:47.945,0.008685606,0
3424,54784,2025-07-21 18:09:56.251,0.008681877,0
3425,54800,2025-07-21 18:10:11.127,0.008681812,0
3426,54816,2025-07-21 18:10:13.080,0.008732211,0
3427,54832,2025-07-21 18:10:18.616,0.008763103,0
3428,54848,2025-07-21 18:10:26.088,0.008763344,0
3429,54864,2025-07-21 18:10:33.980,0.008763337,0
3430,54880,2025-07-21 18:13:22.302,0.0087164985,0
3431,54896,2025-07-21 18:13:59.592,0.008682242,0
3432,54912,2025-07-21 18:14:06.583,0.008681862,0
3433,54928,2025-07-21 18:14:15.325,0.008681873,0
3434,54944,2025-07-21 18:14:17.986,0.008683763,0
3435,54960,2025-07-21 18:14:24.187,0.008683945,0
3436,54976,2025-07-21 18:14:30.293,0.00868242,0
3437,54992,2025-07-21 18:14:39.862,0.008689979,0
3438,55008,2025-07-21 18:14:43.835,0.008683871,0
3439,55024,2025-07-21 18:14:46.231,0.008692352,0
3440,55040,2025-07-21 18:14:55.327,0.008701866,0
3441,55056,2025-07-21 18:15:02.894,0.0086919805,0
3442,55072,2025-07-21 18:15:29.482,0.008683305,0
3443,55088,2025-07-21 18:15:31.275,0.008686824,0
3444,55104,2025-07-21 18:15:38.028,0.008685606,0
3445,55120,2025-07-21 18:15:46.462,0.008681877,0
3446,55136,2025-07-21 18:16:17.898,0.008681811,0
3447,55152,2025-07-21 18:16:19.853,0.008686849,0
3448,55168,2025-07-21 18:16:25.363,0.008682681,0
3449,55184,2025-07-21 18:16:32.795,0.008681548,0
3450,55200,2025-07-21 18:16:40.859,0.008689489,0
3451,55216,2025-07-21 18:16:51.563,0.008684285,0
3452,55232,2025-07-21 18:16:56.955,0.008690442,0
3453,55248,2025-07-21 18:17:03.206,0.008698644,0
3454,55264,2025-07-21 18:17:10.622,0.008692481,0
3455,55280,2025-07-21 18:17:23.683,0.008683187,0
3456,55296,2025-07-21 18:17:26.126,0.0086876545,0
3457,55312,2025-07-21 18:17:32.870,0.008690342,0
3458,55328,2025-07-21 18:17:40.693,0.008682702,0
3459,55344,2025-07-21 18:17:55.134,0.008697819,0
3460,55360,2025-07-21 18:17:57.189,0.008755016,0
3461,55376,2025-07-21 18:18:02.826,0.008815652,1
3462,55392,2025-07-21 18:18:10.261,0.00881433,1
3463,55408,2025-07-21 18:18:23.793,0.008807099,1
3464,55424,2025-07-21 18:20:04.410,0.008747841,0
3465,55440,2025-07-21 18:20:41.065,0.008689609,0
3466,55456,2025-07-21 18:20:47.318,0.008697812,0
3467,55472,2025-07-21 18:20:54.651,0.00869165,0
3468,55488,2025-07-21 18:21:01.305,0.008686725,0
3469,55504,2025-07-21 18:21:03.749,0.008686824,0
3470,55520,2025-07-21 18:21:10.551,0.00868951,0
3471,55536,2025-07-21 18:21:18.265,0.008681871,0
3472,55552,2025-07-21 18:21:57.401,0.008681656,0
3473,55568,2025-07-21 18:21:59.508,0.008690741,0
3474,55584,2025-07-21 18:22:05.140,0.008682664,0
3475,55600,2025-07-21 18:22:12.579,0.008681474,0
3476,55616,2025-07-21 18:22:22.389,0.008685746,0
3477,55632,2025-07-21 18:22:32.068,0.008683004,0
3478,55648,2025-07-21 18:22:37.266,0.008690359,0
3479,55664,2025-07-21 18:22:42.935,0.008693822,0
3480,55680,2025-07-21 18:22:50.649,0.0086923,0
3481,55696,2025-07-21 18:23:03.758,0.008683111,0
3482,55712,2025-07-21 18:23:06.198,0.008686684,0
3483,55728,2025-07-21 18:23:13.923,0.008693425,0
3484,55744,2025-07-21 18:23:21.000,0.008685073,0
3485,55760,2025-07-21 18:23:36.124,0.008681492,0
3486,55776,2025-07-21 18:23:38.161,0.008690736,0
3487,55792,2025-07-21 18:23:43.710,0.00868256,0
3488,55808,2025-07-21 18:23:52.001,0.008681589,0
3489,55824,2025-07-21 18:24:08.618,0.008685866,0
3490,55840,2025-07-21 18:24:11.525,0.008679182,0
3491,55856,2025-07-21 18:24:16.666,0.008687361,0
3492,55872,2025-07-21 18:24:22.430,0.008689853,0
3493,55888,2025-07-21 18:24:30.015,0.008688874,0
3494,55904,2025-07-21 18:24:42.884,0.008688155,0
3495,55920,2025-07-21 18:24:45.631,0.008686742,0
3496,55936,2025-07-21 18:24:53.035,0.008697331,0
3497,55952,2025-07-21 18:25:00.393,0.008688364,0
3498,55968,2025-07-21 18:25:15.281,0.008679873,0
3499,55984,2025-07-21 18:25:17.503,0.00871517,0
3500,56000,2025-07-21 18:25:22.889,0.008780064,0
3501,56016,2025-07-21 18:25:31.325,0.008781064,0
3502,56032,2025-07-21 18:25:47.274,0.008788611,0
3503,56048,2025-07-21 18:26:07.882,0.008759757,0
3504,56064,2025-07-21 18:26:11.923,0.008690519,0
3505,56080,2025-07-21 18:26:19.358,0.008701274,0
3506,56096,2025-07-21 18:26:26.415,0.00873182,0
3507,56112,2025-07-21 18:27:51.270,0.008716451,0
3508,56128,2025-07-21 18:27:53.399,0.008722386,0
3509,56144,2025-07-21 18:28:00.215,0.008722329,0
3510,56160,2025-07-21 18:44:33.060,0.008690442,0
3511,56176,2025-07-21 18:44:40.565,0.008698644,0
3512,56192,2025-07-21 18:44:47.996,0.008692482,0
3513,56208,2025-07-21 18:44:54.106,0.008686725,0
3514,56224,2025-07-21 18:44:56.540,0.008686823,0
3515,56240,2025-07-21 18:45:04.360,0.00868951,0
3516,56256,2025-07-21 18:45:12.172,0.008681871,0
3517,56272,2025-07-21 18:45:33.598,0.008681656,0
3518,56288,2025-07-21 18:45:35.548,0.008690741,0
3519,56304,2025-07-21 18:45:41.124,0.008682664,0
3520,56320,2025-07-21 18:45:48.643,0.008681474,0
3521,56336,2025-07-21 18:45:58.289,0.008685746,0
3522,56352,2025-07-21 18:46:08.329,0.008683004,0
3523,56368,2025-07-21 18:46:13.560,0.008690359,0
3524,56384,2025-07-21 18:46:19.323,0.008693822,0
3525,56400,2025-07-21 18:46:26.841,0.008692301,0
3526,56416,2025-07-21 18:46:39.789,0.008683111,0
3527,56432,2025-07-21 18:46:42.229,0.008687515,0
3528,56448,2025-07-21 18:46:49.893,0.008694256,0
3529,56464,2025-07-21 18:46:57.167,0.008685904,0
3530,56480,2025-07-21 18:47:12.082,0.008682324,0
3531,56496,2025-07-21 18:47:14.135,0.008690736,0
3532,56512,2025-07-21 18:47:19.651,0.00868256,0
3533,56528,2025-07-21 18:47:28.182,0.00868159,0
3534,56544,2025-07-21 18:47:43.218,0.008685866,0
3535,56560,2025-07-21 18:47:45.943,0.008679183,0
3536,56576,2025-07-21 18:47:51.087,0.008687362,0
3537,56592,2025-07-21 18:47:56.848,0.008689853,0
3538,56608,2025-07-21 18:48:04.403,0.008688874,0
3539,56624,2025-07-21 18:48:16.958,0.008688155,0
3540,56640,2025-07-21 18:48:19.716,0.008686742,0
3541,56656,2025-07-21 18:48:27.059,0.008697332,0
3542,56672,2025-07-21 18:48:34.225,0.008688365,0
3543,56688,2025-07-21 18:48:49.669,0.008679873,0
3544,56704,2025-07-21 18:48:51.904,0.0086944485,0
3545,56720,2025-07-21 18:48:57.275,0.008682293,0
3546,56736,2025-07-21 18:49:05.718,0.008681788,0
3547,56752,2025-07-21 18:49:37.673,0.008685898,0
3548,56768,2025-07-21 18:49:40.078,0.008737126,0
3549,56784,2025-07-21 18:49:45.261,0.008794408,0
3550,56800,2025-07-21 18:49:51.192,0.008830171,1
3551,56816,2025-07-21 18:50:02.587,0.008835739,1
3552,56832,2025-07-21 18:50:28.916,0.008770789,0
3553,56848,2025-07-21 18:51:03.819,0.008722672,0
3554,56864,2025-07-21 18:53:58.271,0.008699858,0
3555,56880,2025-07-21 18:54:46.600,0.008693424,0
3556,56896,2025-07-21 18:54:53.829,0.008685072,0
3557,56912,2025-07-21 18:55:01.953,0.008681491,0
3558,56928,2025-07-21 18:55:04.211,0.008691568,0
3559,56944,2025-07-21 18:55:09.579,0.008683391,0
3560,56960,2025-07-21 18:55:17.949,0.0086824205,0
3561,56976,2025-07-21 18:55:26.429,0.008686697,0
3562,56992,2025-07-21 18:55:29.218,0.008679183,0
3563,57008,2025-07-21 18:55:34.275,0.008687362,0
3564,57024,2025-07-21 18:55:40.049,0.008689853,0
3565,57040,2025-07-21 18:55:47.785,0.008688874,0
3566,57056,2025-07-21 18:55:58.866,0.008688155,0
3567,57072,2025-07-21 18:56:01.622,0.008686741,0
3568,57088,2025-07-21 18:56:08.947,0.008697331,0
3569,57104,2025-07-21 18:56:16.092,0.008688365,0
3570,57120,2025-07-21 18:56:31.735,0.008679873,0
3571,57136,2025-07-21 18:56:33.981,0.008695279,0
3572,57152,2025-07-21 18:56:39.410,0.008683214,0
3573,57168,2025-07-21 18:56:47.810,0.00868262,0
3574,57184,2025-07-21 18:57:36.516,0.008686731,0
3575,57200,2025-07-21 18:57:38.983,0.008679062,0
3576,57216,2025-07-21 18:57:44.143,0.008684119,0
3577,57232,2025-07-21 18:57:50.140,0.008685712,0
3578,57248,2025-07-21 18:57:59.431,0.008689148,0
3579,57264,2025-07-21 18:58:11.064,0.008687851,0
3580,57280,2025-07-21 18:58:13.453,0.008690518,0
3581,57296,2025-07-21 18:58:32.918,0.008701275,0
3582,57312,2025-07-21 18:58:39.960,0.008688012,0
3583,57328,2025-07-21 18:58:48.478,0.008679823,0
3584,57344,2025-07-21 18:58:50.684,0.008691414,0
3585,57360,2025-07-21 18:58:57.343,0.008683072,0
3586,57376,2025-07-21 18:59:04.300,0.0087185465,0
3587,57392,2025-07-21 18:59:31.603,0.008727847,0
3588,57408,2025-07-21 18:59:34.170,0.0087168375,0
3589,57424,2025-07-21 18:59:39.344,0.008722673,0
3590,57440,2025-07-21 19:07:29.912,0.008700396,0
3591,57456,2025-07-21 19:08:09.386,0.008694256,0
3592,57472,2025-07-21 19:08:16.676,0.008685904,0
3593,57488,2025-07-21 19:08:24.938,0.008682324,0
3594,57504,2025-07-21 19:08:27.077,0.008691568,0
3595,57520,2025-07-21 19:08:32.462,0.008683391,0
3596,57536,2025-07-21 19:08:41.018,0.0086824205,0
3597,57552,2025-07-21 19:08:49.352,0.008686698,0
3598,57568,2025-07-21 19:08:52.160,0.008680015,0
3599,57584,2025-07-21 19:08:57.263,0.008688193,0
3600,57600,2025-07-21 19:09:03.128,0.008690685,0
3601,57616,2025-07-21 19:09:10.853,0.008689705,0
3602,57632,2025-07-21 19:09:22.460,0.008688986,0
3603,57648,2025-07-21 19:09:25.234,0.008687573,0
3604,57664,2025-07-21 19:09:32.529,0.008698163,0
3605,57680,2025-07-21 19:09:39.658,0.008689197,0
3606,57696,2025-07-21 19:10:10.937,0.008679873,0
3607,57712,2025-07-21 19:10:13.188,0.00869528,0
3608,57728,2025-07-21 19:10:18.566,0.008683214,0
3609,57744,2025-07-21 19:10:27.002,0.008730896,0
3610,57760,2025-07-21 19:10:43.873,0.008723941,0
3611,57776,2025-07-21 19:10:46.313,0.008710907,0
3612,57792,2025-07-21 19:10:51.432,0.008729173,0
3613,57808,2025-07-21 19:11:38.824,0.008690359,0
3614,57824,2025-07-21 19:11:44.561,0.008693822,0
3615,57840,2025-07-21 19:11:52.111,0.008692301,0
3616,57856,2025-07-21 19:11:58.288,0.008683111,0
3617,57872,2025-07-21 19:12:00.728,0.008687516,0
3618,57888,2025-07-21 19:12:44.761,0.008694257,0
3619,57904,2025-07-21 19:12:51.866,0.008685904,0
3620,57920,2025-07-21 19:13:00.252,0.008682324,0
3621,57936,2025-07-21 19:13:02.530,0.008690736,0
3622,57952,2025-07-21 19:13:08.106,0.00868256,0
3623,57968,2025-07-21 19:13:16.483,0.008681589,0
3624,57984,2025-07-21 19:18:00.233,0.008685866,0
3625,58000,2025-07-21 19:18:03.025,0.008679182,0
3626,58016,2025-07-21 19:18:08.169,0.008687362,0
3627,58032,2025-07-21 19:18:13.918,0.008689853,0
3628,58048,2025-07-21 19:18:21.468,0.008688874,0
3629,58064,2025-07-21 19:18:34.642,0.008688987,0
3630,58080,2025-07-21 19:18:37.473,0.0086875735,0
3631,58096,2025-07-21 19:18:44.744,0.008698163,0
3632,58112,2025-07-21 19:18:51.827,0.008689198,0
3633,58128,2025-07-21 19:19:06.893,0.008679874,0
3634,58144,2025-07-21 19:19:09.246,0.0086944485,0
3635,58160,2025-07-21 19:19:14.531,0.008682293,0
3636,58176,2025-07-21 19:19:22.816,0.008681788,0
3637,58192,2025-07-21 19:19:39.050,0.008685898,0
3638,58208,2025-07-21 19:19:41.653,0.008679063,0
3639,58224,2025-07-21 19:19:46.796,0.008684209,0
3640,58240,2025-07-21 19:19:52.808,0.008685712,0
3641,58256,2025-07-21 19:20:02.168,0.008689148,0
3642,58272,2025-07-21 19:20:13.695,0.008687851,0
3643,58288,2025-07-21 19:20:16.117,0.008690721,0
3644,58304,2025-07-21 19:20:23.480,0.008701275,0
3645,58320,2025-07-21 19:20:30.677,0.008688013,0
3646,58336,2025-07-21 19:20:44.748,0.008679824,0
3647,58352,2025-07-21 19:20:46.781,0.008690572,0
3648,58368,2025-07-21 19:20:53.595,0.008682242,0
3649,58384,2025-07-21 19:21:00.656,0.008681862,0
3650,58400,2025-07-21 19:21:16.788,0.008681873,0
3651,58416,2025-07-21 19:21:19.253,0.008683763,0
3652,58432,2025-07-21 19:21:24.506,0.008683945,0
3653,58448,2025-07-21 19:21:30.493,0.00868242,0
3654,58464,2025-07-21 19:21:40.053,0.008689979,0
3655,58480,2025-07-21 19:21:51.024,0.00868387,0
3656,58496,2025-07-21 19:21:53.429,0.008692351,0
3657,58512,2025-07-21 19:22:02.550,0.008701866,0
3658,58528,2025-07-21 19:22:10.002,0.0086919805,0
3659,58544,2025-07-21 19:22:23.493,0.008683305,0
3660,58560,2025-07-21 19:22:25.348,0.008686823,0
3661,58576,2025-07-21 19:22:32.149,0.0086856065,0
3662,58592,2025-07-21 19:22:40.535,0.008681877,0
3663,58608,2025-07-21 19:22:55.351,0.00868181,0
3664,58624,2025-07-21 19:22:57.298,0.008686849,0
3665,58640,2025-07-21 19:23:02.779,0.008682681,0
3666,58656,2025-07-21 19:23:10.211,0.008681548,0
3667,58672,2025-07-21 19:23:18.216,0.008689489,0
3668,58688,2025-07-21 19:23:29.646,0.008683453,0
3669,58704,2025-07-21 19:23:34.981,0.008689611,0
3670,58720,2025-07-21 19:23:41.259,0.008697812,0
3671,58736,2025-07-21 19:23:48.590,0.00869165,0
3672,58752,2025-07-21 19:24:34.699,0.008683186,0
3673,58768,2025-07-21 19:24:37.193,0.008686824,0
3674,58784,2025-07-21 19:24:43.921,0.00868951,0
3675,58800,2025-07-21 19:24:51.665,0.00868187,0
3676,58816,2025-07-21 19:25:06.692,0.008681656,0
3677,58832,2025-07-21 19:25:08.686,0.008691573,0
3678,58848,2025-07-21 19:25:14.276,0.008683494,0
3679,58864,2025-07-21 19:25:21.698,0.008682306,0
3680,58880,2025-07-21 19:25:31.412,0.008686577,0
3681,58896,2025-07-21 19:25:41.341,0.00867945,0
3682,58912,2025-07-21 19:25:46.546,0.008686567,0
3683,58928,2025-07-21 19:25:52.264,0.008693822,0
3684,58944,2025-07-21 19:25:59.955,0.008702216,0
3685,58960,2025-07-21 19:26:13.437,0.008693286,0
3686,58976,2025-07-21 19:26:15.870,0.008700889,0
3687,58992,2025-07-21 19:26:23.633,0.008714344,0
3688,59008,2025-07-21 20:01:05.328,0.0087450445,0
3689,59024,2025-07-21 20:01:13.107,0.008740089,0
3690,59040,2025-07-21 20:01:15.157,0.008737193,0
3691,59056,2025-07-21 20:01:20.626,0.008732549,0
3692,59072,2025-07-21 20:01:32.982,0.00869135,0
3693,59088,2025-07-21 20:01:55.134,0.008702106,0
3694,59104,2025-07-21 20:02:02.339,0.008688845,0
3695,59120,2025-07-21 20:02:10.732,0.008679822,0
3696,59136,2025-07-21 20:02:13.044,0.008690583,0
3697,59152,2025-07-21 20:02:19.722,0.008682242,0
3698,59168,2025-07-21 20:02:26.925,0.008681862,0
3699,59184,2025-07-21 20:02:35.602,0.008681872,0
3700,59200,2025-07-21 20:02:38.238,0.008683124,0
3701,59216,2025-07-21 20:02:43.366,0.008683112,0
3702,59232,2025-07-21 20:02:49.444,0.008681589,0
3703,59248,2025-07-21 20:02:58.915,0.008689148,0
3704,59264,2025-07-21 20:03:09.096,0.008683871,0
3705,59280,2025-07-21 20:03:11.508,0.008692351,0
3706,59296,2025-07-21 20:03:20.499,0.008701866,0
3707,59312,2025-07-21 20:03:28.062,0.00869198,0
3708,59328,2025-07-21 20:03:41.587,0.008683305,0
3709,59344,2025-07-21 20:03:43.436,0.008690611,0
3710,59360,2025-07-21 20:03:50.141,0.0086856065,0
3711,59376,2025-07-21 20:03:58.618,0.008681877,0
3712,59392,2025-07-21 20:04:13.337,0.00868181,0
3713,59408,2025-07-21 20:04:15.344,0.00868306,0
3714,59424,2025-07-21 20:04:20.930,0.008682681,0
3715,59440,2025-07-21 20:04:28.331,0.008681547,0
3716,59456,2025-07-21 20:04:36.349,0.008689489,0
3717,59472,2025-07-21 20:05:03.688,0.008683453,0
3718,59488,2025-07-21 20:05:09.086,0.008689609,0
3719,59504,2025-07-21 20:05:15.317,0.008697812,0
3720,59520,2025-07-21 20:05:22.792,0.00869165,0
3721,59536,2025-07-21 20:06:08.809,0.008683186,0
3722,59552,2025-07-21 20:06:11.242,0.008686823,0
3723,59568,2025-07-21 20:06:17.916,0.008689511,0
3724,59584,2025-07-21 20:06:25.860,0.008681871,0
3725,59600,2025-07-21 20:06:41.081,0.008681655,0
3726,59616,2025-07-21 20:06:43.077,0.008690741,0
3727,59632,2025-07-21 20:06:48.686,0.008682664,0
3728,59648,2025-07-21 20:06:56.125,0.008681474,0
3729,59664,2025-07-21 20:07:05.879,0.008685747,0
3730,59680,2025-07-21 20:07:15.970,0.008683004,0
3731,59696,2025-07-21 20:07:21.172,0.008690359,0
3732,59712,2025-07-21 20:07:26.985,0.008693822,0
3733,59728,2025-07-21 20:07:34.638,0.008702216,0
3734,59744,2025-07-21 20:09:08.730,0.00868973,0
3735,59760,2025-07-21 20:09:11.165,0.008697097,0
3736,59776,2025-07-21 20:09:18.814,0.008701268,0
3737,59792,2025-07-21 20:09:47.290,0.008682707,0
3738,59808,2025-07-21 20:09:55.113,0.008682642,0
3739,59824,2025-07-21 20:09:57.211,0.008686849,0
3740,59840,2025-07-21 20:10:03.585,0.008682681,0
3741,59856,2025-07-21 20:10:10.972,0.008681548,0
3742,59872,2025-07-21 20:10:18.840,0.00868949,0
3743,59888,2025-07-21 20:10:24.424,0.008684285,0
3744,59904,2025-07-21 20:10:29.734,0.008690442,0
3745,59920,2025-07-21 20:10:36.041,0.008698645,0
3746,59936,2025-07-21 20:10:43.313,0.008692481,0
3747,59952,2025-07-21 20:11:05.367,0.008683186,0
3748,59968,2025-07-21 20:11:07.868,0.008686823,0
3749,59984,2025-07-21 20:11:14.585,0.008689511,0
3750,60000,2025-07-21 20:11:22.307,0.00868187,0
3751,60016,2025-07-21 20:11:37.139,0.008681656,0
3752,60032,2025-07-21 20:11:39.045,0.008691572,0
3753,60048,2025-07-21 20:11:44.633,0.008683495,0
3754,60064,2025-07-21 20:11:52.103,0.008682306,0
3755,60080,2025-07-21 20:12:01.768,0.008686579,0
3756,60096,2025-07-21 20:12:12.016,0.008683837,0
3757,60112,2025-07-21 20:12:17.152,0.008691191,0
3758,60128,2025-07-21 20:12:22.945,0.008694653,0
3759,60144,2025-07-21 20:12:30.573,0.008693132,0
3760,60160,2025-07-21 20:12:43.643,0.00868311,0
3761,60176,2025-07-21 20:12:46.145,0.008686684,0
3762,60192,2025-07-21 20:12:53.861,0.008693424,0
3763,60208,2025-07-21 20:13:00.965,0.008685071,0
3764,60224,2025-07-21 20:15:42.640,0.008681491,0
3765,60240,2025-07-21 20:15:44.770,0.008690736,0
3766,60256,2025-07-21 20:15:50.336,0.008685117,0
3767,60272,2025-07-21 20:15:58.654,0.008683163,0
3768,60288,2025-07-21 20:16:54.402,0.008690945,0
3769,60304,2025-07-21 20:16:57.163,0.008684717,0
3770,60320,2025-07-21 21:55:28.460,0.008747951,0
3771,60336,2025-07-21 21:56:13.128,0.008801036,1
3772,60352,2025-07-21 21:56:20.645,0.00878742,0
3773,60368,2025-07-21 21:56:26.814,0.008777849,0
3774,60384,2025-07-21 21:57:28.870,0.008732467,0
3775,60400,2025-07-21 21:57:35.351,0.008683513,0
3776,60416,2025-07-21 21:57:42.937,0.008682379,0
3777,60432,2025-07-21 21:57:50.931,0.008690321,0
3778,60448,2025-07-21 21:57:54.697,0.008683452,0
3779,60464,2025-07-21 21:57:59.928,0.008689609,0
3780,60480,2025-07-21 21:58:06.103,0.008697812,0
3781,60496,2025-07-21 21:58:13.552,0.00869165,0
3782,60512,2025-07-21 21:58:19.614,0.008683186,0
3783,60528,2025-07-21 21:58:22.056,0.008686823,0
3784,60544,2025-07-21 21:58:43.622,0.00868951,0
3785,60560,2025-07-21 21:58:51.490,0.00868187,0
3786,60576,2025-07-21 21:58:59.402,0.00868849,0
3787,60592,2025-07-21 21:59:01.254,0.008697133,0
3788,60608,2025-07-21 21:59:15.999,0.008690944,0
3789,60624,2025-07-21 21:59:23.438,0.0086890925,0
3790,60640,2025-07-21 22:00:07.446,0.00868998,0
3791,60656,2025-07-21 22:00:11.361,0.008684701,0
3792,60672,2025-07-21 22:00:13.768,0.008693184,0
3793,60688,2025-07-21 22:00:27.317,0.008702696,0
3794,60704,2025-07-21 22:00:34.796,0.008692811,0
3795,60720,2025-07-21 22:00:40.867,0.008683305,0
3796,60736,2025-07-21 22:00:42.696,0.008686823,0
3797,60752,2025-07-21 22:00:49.404,0.0086856065,0
3798,60768,2025-07-21 22:00:57.915,0.008681877,0
3799,60784,2025-07-21 22:01:05.671,0.008681811,0
3800,60800,2025-07-21 22:01:07.661,0.008686849,0
3801,60816,2025-07-21 22:01:13.730,0.008682681,0
3802,60832,2025-07-21 22:01:21.207,0.008681548,0
3803,60848,2025-07-21 22:01:29.323,0.00868949,0
3804,60864,2025-07-21 22:01:33.086,0.008683453,0
3805,60880,2025-07-21 22:01:46.500,0.008689609,0
3806,60896,2025-07-21 22:01:52.663,0.008697812,0
3807,60912,2025-07-21 22:02:00.123,0.00869165,0
3808,60928,2025-07-21 22:02:06.213,0.008683186,0
3809,60944,2025-07-21 22:02:08.648,0.008690421,0
3810,60960,2025-07-21 22:02:15.260,0.008689511,0
3811,60976,2025-07-21 22:02:23.213,0.00868187,0
3812,60992,2025-07-21 22:02:30.994,0.008681655,0
3813,61008,2025-07-21 22:02:32.888,0.008706473,0
3814,61024,2025-07-21 22:02:55.045,0.008773332,0
3815,61040,2025-07-21 22:03:02.464,0.0087888595,0
3816,61056,2025-07-21 22:03:12.292,0.0088268975,1
3817,61072,2025-07-21 22:04:28.770,0.008786414,0
3818,61088,2025-07-21 22:04:32.614,0.008719286,0
3819,61104,2025-07-21 22:04:43.378,0.008743412,0
3820,61120,2025-07-21 22:06:02.872,0.008772501,0
3821,61136,2025-07-21 22:06:10.247,0.008788028,0
3822,61152,2025-07-21 22:06:20.017,0.008790779,0
3823,61168,2025-07-21 22:06:38.649,0.008760351,0
3824,61184,2025-07-21 22:06:42.395,0.008699937,0
3825,61200,2025-07-21 22:06:50.022,0.008693424,0
3826,61216,2025-07-21 22:06:57.258,0.008732541,0
3827,61232,2025-07-21 22:07:05.014,0.008723129,0
3828,61248,2025-07-21 22:07:07.029,0.008716574,0
3829,61264,2025-07-21 22:07:48.325,0.008744525,0
3830,61280,2025-07-21 22:08:16.636,0.008769501,0
3831,61296,2025-07-21 22:08:24.090,0.008792926,0
3832,61312,2025-07-21 22:08:32.176,0.0087947035,0
3833,61328,2025-07-21 22:09:01.057,0.008763655,0
3834,61344,2025-07-21 22:09:04.990,0.008743385,0
3835,61360,2025-07-21 22:09:11.845,0.008784906,0
3836,61376,2025-07-21 22:09:19.761,0.008776076,0
3837,61392,2025-07-21 22:09:27.623,0.008780136,0
3838,61408,2025-07-21 22:10:20.767,0.008747103,0
3839,61424,2025-07-21 22:10:27.983,0.008691191,0
3840,61440,2025-07-21 22:10:33.743,0.008719934,0
3841,61456,2025-07-21 22:10:41.333,0.008740066,0
3842,61472,2025-07-21 22:10:47.031,0.008724362,0
3843,61488,2025-07-21 22:10:49.469,0.008721446,0
3844,61504,2025-07-21 22:11:21.605,0.008709269,0
3845,61520,2025-07-21 22:11:42.682,0.0086856065,0
3846,61536,2025-07-21 22:11:51.233,0.008681877,0
3847,61552,2025-07-21 22:11:59.195,0.008681811,0
3848,61568,2025-07-21 22:12:01.234,0.008686849,0
3849,61584,2025-07-21 22:12:06.649,0.008682681,0
3850,61600,2025-07-21 22:12:14.090,0.008681549,0
3851,61616,2025-07-21 22:12:22.075,0.008689489,0
3852,61632,2025-07-21 22:12:25.993,0.008683453,0
3853,61648,2025-07-21 22:12:31.259,0.00868961,0
3854,61664,2025-07-21 22:12:37.505,0.008697812,0
3855,61680,2025-07-21 22:12:44.938,0.008691648,0
3856,61696,2025-07-21 22:12:50.885,0.008683187,0
3857,61712,2025-07-21 22:12:53.319,0.008686823,0
3858,61728,2025-07-21 22:12:59.993,0.00868951,0
3859,61744,2025-07-21 22:13:07.817,0.008681871,0
3860,61760,2025-07-21 22:13:15.630,0.008681655,0
3861,61776,2025-07-21 22:13:17.572,0.008690741,0
3862,61792,2025-07-21 22:13:22.999,0.008682663,0
3863,61808,2025-07-21 22:13:30.423,0.008681474,0
3864,61824,2025-07-21 22:13:40.103,0.008701969,0
3865,61840,2025-07-21 22:13:42.794,0.008749121,0
3866,61856,2025-07-21 22:13:47.900,0.008757116,0
3867,61872,2025-07-21 22:13:53.726,0.008771619,0
3868,61888,2025-07-21 22:20:27.626,0.008760298,0
3869,61904,2025-07-21 22:21:04.038,0.0086998595,0
3870,61920,2025-07-21 22:22:30.562,0.008702106,0
3871,61936,2025-07-21 22:22:37.806,0.0086956825,0
3872,61952,2025-07-21 22:22:45.521,0.008686449,0
3873,61968,2025-07-21 22:22:47.730,0.00870024,0
3874,61984,2025-07-21 22:22:54.368,0.008689347,0
3875,62000,2025-07-21 22:24:56.517,0.00868159,0
3876,62016,2025-07-21 22:25:04.993,0.008685866,0
3877,62032,2025-07-21 22:25:07.893,0.008680015,0
3878,62048,2025-07-21 22:25:13.965,0.008688193,0
3879,62064,2025-07-21 22:25:19.748,0.008690685,0
3880,62080,2025-07-21 22:25:27.429,0.008689705,0
3881,62096,2025-07-21 22:25:33.133,0.008688986,0
3882,62112,2025-07-21 22:25:35.887,0.008687573,0
3883,62128,2025-07-21 22:25:43.299,0.008698163,0
3884,62144,2025-07-21 22:25:50.560,0.008689197,0
3885,62160,2025-07-21 22:25:58.269,0.008679873,0
3886,62176,2025-07-21 22:26:00.517,0.00869528,0
3887,62192,2025-07-21 22:26:23.032,0.008683214,0
3888,62208,2025-07-21 22:26:31.482,0.00868262,0
3889,62224,2025-07-21 22:26:40.262,0.00868673,0
3890,62240,2025-07-21 22:26:42.780,0.008679063,0
3891,62256,2025-07-21 22:26:47.764,0.008684119,0
3892,62272,2025-07-21 22:26:53.751,0.008685713,0
3893,62288,2025-07-21 22:27:01.986,0.008689148,0
3894,62304,2025-07-21 22:27:07.209,0.008687851,0
3895,62320,2025-07-21 22:27:09.637,0.008690519,0
3896,62336,2025-07-21 22:27:35.008,0.008701275,0
3897,62352,2025-07-21 22:27:42.177,0.008688012,0
3898,62368,2025-07-21 22:27:50.009,0.008679822,0
3899,62384,2025-07-21 22:27:52.120,0.008691415,0
3900,62400,2025-07-21 22:27:58.679,0.008683072,0
3901,62416,2025-07-21 22:28:05.737,0.008682693,0
3902,62432,2025-07-21 22:28:14.690,0.0086827045,0
3903,62448,2025-07-21 22:28:17.095,0.008683098,0
3904,62464,2025-07-21 22:28:22.220,0.008683811,0
3905,62480,2025-07-21 22:28:28.248,0.00868159,0
3906,62496,2025-07-21 22:28:37.878,0.008689148,0
3907,62512,2025-07-21 22:28:41.796,0.008683895,0
3908,62528,2025-07-21 22:28:44.207,0.008746423,0
3909,62544,2025-07-21 22:28:53.108,0.008800204,1
3910,62560,2025-07-21 22:29:00.615,0.0088344095,1
3911,62576,2025-07-21 22:29:06.749,0.0088709835,1
3912,62592,2025-07-21 22:29:32.816,0.0088537345,1
3913,62608,2025-07-21 22:29:39.482,0.008825229,1
3914,62624,2025-07-21 22:30:26.752,0.0087852385,0
3915,62640,2025-07-21 22:31:06.378,0.008746597,0
3916,62656,2025-07-21 22:31:36.702,0.008716678,0
3917,62672,2025-07-21 22:32:18.681,0.008697342,0
3918,62688,2025-07-21 22:32:26.537,0.008737367,0
3919,62704,2025-07-21 22:32:55.672,0.008723961,0
3920,62720,2025-07-21 22:32:58.171,0.008714421,0
3921,62736,2025-07-21 22:33:07.473,0.008733716,0
3922,62752,2025-07-21 22:33:37.549,0.008758801,0
3923,62768,2025-07-21 22:33:43.318,0.00880075,1
3924,62784,2025-07-21 22:33:51.006,0.008790803,0
3925,62800,2025-07-21 22:33:56.833,0.0087738875,0
3926,62816,2025-07-21 22:34:11.760,0.008743204,0
3927,62832,2025-07-21 22:34:18.665,0.008779233,0
3928,62848,2025-07-21 22:34:27.126,0.008780234,0
3929,62864,2025-07-21 22:34:36.081,0.008787779,0
3930,62880,2025-07-21 22:34:53.338,0.008759756,0
3931,62896,2025-07-21 22:34:57.496,0.008690518,0
3932,62912,2025-07-21 22:35:04.936,0.008701275,0
3933,62928,2025-07-21 22:35:11.980,0.008688012,0
3934,62944,2025-07-21 22:35:19.782,0.008686448,0
3935,62960,2025-07-21 22:35:21.918,0.008701071,0
3936,62976,2025-07-21 22:35:57.416,0.00869018,0
3937,62992,2025-07-21 22:36:04.451,0.008689257,0
3938,63008,2025-07-21 22:37:04.512,0.008686698,0
3939,63024,2025-07-21 22:37:07.310,0.008680015,0
3940,63040,2025-07-21 22:37:18.330,0.008688194,0
3941,63056,2025-07-21 22:37:24.121,0.008690523,0
3942,63072,2025-07-21 22:37:31.932,0.008689705,0
3943,63088,2025-07-21 22:37:37.611,0.008702443,0
3944,63104,2025-07-21 22:37:40.382,0.0087722195,0
3945,63120,2025-07-21 22:37:47.544,0.008811397,1
3946,63136,2025-07-21 22:37:54.772,0.008817511,1
3947,63152,2025-07-21 22:41:42.357,0.008797417,0
3948,63168,2025-07-21 22:41:46.899,0.008727848,0
3949,63184,2025-07-21 22:45:22.935,0.0086996285,0
3950,63200,2025-07-21 22:46:03.272,0.008693424,0
3951,63216,2025-07-21 22:46:10.631,0.008685072,0
3952,63232,2025-07-21 22:46:18.369,0.008681491,0
3953,63248,2025-07-21 22:46:20.450,0.008690736,0
3954,63264,2025-07-21 22:46:25.836,0.00868256,0
3955,63280,2025-07-21 22:46:34.417,0.008681589,0
3956,63296,2025-07-21 22:46:42.834,0.008685865,0
3957,63312,2025-07-21 22:46:45.700,0.008679183,0
3958,63328,2025-07-21 22:46:50.744,0.008687362,0
3959,63344,2025-07-21 22:46:56.603,0.008689854,0
3960,63360,2025-07-21 22:47:04.293,0.008688874,0
3961,63376,2025-07-21 22:47:09.946,0.008693151,0
3962,63392,2025-07-21 22:47:12.708,0.008696205,0
3963,63408,2025-07-21 22:47:20.041,0.008704149,0
3964,63424,2025-07-21 22:47:27.271,0.0087427655,0
3965,63440,2025-07-21 22:48:16.305,0.008723184,0
3966,63456,2025-07-21 22:48:18.195,0.008716979,0
3967,63472,2025-07-21 22:48:27.829,0.008728125,0
3968,63488,2025-07-21 22:48:57.458,0.008683943,0
3969,63504,2025-07-21 22:49:03.503,0.0086824205,0
3970,63520,2025-07-21 22:49:13.011,0.00868998,0
3971,63536,2025-07-21 22:49:16.979,0.008684701,0
3972,63552,2025-07-21 22:49:19.367,0.008747952,0
3973,63568,2025-07-21 22:49:28.303,0.008801036,1
3974,63584,2025-07-21 22:49:35.729,0.00878742,0
3975,63600,2025-07-21 22:49:41.775,0.008777849,0
3976,63616,2025-07-21 22:50:00.435,0.008732468,0
3977,63632,2025-07-21 22:50:06.702,0.008683513,0
3978,63648,2025-07-21 22:50:14.117,0.008682379,0
3979,63664,2025-07-21 22:50:22.022,0.008690323,0
3980,63680,2025-07-21 22:50:25.815,0.008684285,0
3981,63696,2025-07-21 22:50:31.097,0.008690442,0
3982,63712,2025-07-21 22:50:37.451,0.008698645,0
3983,63728,2025-07-21 22:50:44.916,0.008692481,0
3984,63744,2025-07-21 22:50:50.975,0.008683186,0
3985,63760,2025-07-21 22:50:53.471,0.008687655,0
3986,63776,2025-07-21 22:51:00.127,0.008690342,0
3987,63792,2025-07-21 22:51:08.028,0.008685249,0
3988,63808,2025-07-21 22:51:15.774,0.008689211,0
3989,63824,2025-07-21 22:51:17.722,0.008692482,0
3990,63840,2025-07-21 22:51:23.469,0.008750478,0
3991,63856,2025-07-21 22:51:55.683,0.008789069,0
3992,63872,2025-07-21 22:52:04.095,0.008779245,0
3993,63888,2025-07-21 22:52:09.150,0.008768761,0
3994,63904,2025-07-21 22:56:44.461,0.008723375,0
3995,63920,2025-07-21 22:57:31.451,0.008682374,0
3996,63936,2025-07-21 22:57:40.027,0.00868171,0
3997,63952,2025-07-21 22:57:48.744,0.008685898,0
3998,63968,2025-07-21 22:57:51.165,0.008679063,0
3999,63984,2025-07-21 22:57:56.267,0.008684127,0
4000,64000,2025-07-21 22:58:02.327,0.008685713,0
4001,64016,2025-07-21 22:58:10.801,0.008689148,0
4002,64032,2025-07-21 22:58:16.001,0.008687852,0
4003,64048,2025-07-21 22:58:18.400,0.008690518,0
4004,64064,2025-07-21 22:58:25.697,0.008701275,0
4005,64080,2025-07-21 22:58:32.789,0.008688013,0
4006,64096,2025-07-21 22:58:40.505,0.008679822,0
4007,64112,2025-07-21 22:58:42.752,0.008690583,0
4008,64128,2025-07-21 22:58:49.333,0.008682242,0
4009,64144,2025-07-21 22:58:56.357,0.008681862,0
4010,64160,2025-07-21 22:59:05.017,0.008681872,0
4011,64176,2025-07-21 22:59:07.469,0.008683124,0
4012,64192,2025-07-21 22:59:12.500,0.008683112,0
4013,64208,2025-07-21 22:59:18.608,0.008681589,0
4014,64224,2025-07-21 22:59:28.097,0.008689148,0
4015,64240,2025-07-21 22:59:31.984,0.00868387,0
4016,64256,2025-07-21 22:59:34.398,0.008692351,0
4017,64272,2025-07-21 22:59:43.432,0.008701866,0
4018,64288,2025-07-21 22:59:50.838,0.00869198,0
4019,64304,2025-07-21 22:59:56.865,0.008683305,0
4020,64320,2025-07-21 22:59:58.792,0.0086876545,0
4021,64336,2025-07-21 23:00:05.403,0.008686437,0
4022,64352,2025-07-21 23:00:13.720,0.008682707,0
4023,64368,2025-07-21 23:00:21.466,0.008682642,0
4024,64384,2025-07-21 23:00:23.456,0.008687681,0
4025,64400,2025-07-21 23:00:29.085,0.008683513,0
4026,64416,2025-07-21 23:00:36.650,0.008682379,0
4027,64432,2025-07-21 23:00:44.520,0.008690323,0
4028,64448,2025-07-21 23:00:48.366,0.008683453,0
4029,64464,2025-07-21 23:00:53.906,0.008689609,0
4030,64480,2025-07-21 23:01:00.263,0.008697812,0
4031,64496,2025-07-21 23:01:07.670,0.00869165,0
4032,64512,2025-07-21 23:01:13.697,0.008683187,0
4033,64528,2025-07-21 23:01:16.140,0.008686823,0
4034,64544,2025-07-21 23:01:22.729,0.00868951,0
4035,64560,2025-07-21 23:01:30.555,0.008681871,0
4036,64576,2025-07-21 23:01:38.313,0.008681655,0
4037,64592,2025-07-21 23:01:40.257,0.008691572,0
4038,64608,2025-07-21 23:02:04.139,0.008683495,0
4039,64624,2025-07-21 23:02:11.570,0.008682306,0
4040,64640,2025-07-21 23:02:21.283,0.008686579,0
4041,64656,2025-07-21 23:02:24.072,0.008683004,0
4042,64672,2025-07-21 23:02:29.217,0.008686567,0
4043,64688,2025-07-21 23:02:35.099,0.008693822,0
4044,64704,2025-07-21 23:02:42.697,0.0086923,0
4045,64720,2025-07-21 23:02:48.423,0.00868311,0
4046,64736,2025-07-21 23:02:50.860,0.008691309,0
4047,64752,2025-07-21 23:02:58.532,0.008694255,0
4048,64768,2025-07-21 23:03:05.579,0.008685904,0
4049,64784,2025-07-21 23:03:13.331,0.008682324,0
4050,64800,2025-07-21 23:03:15.442,0.008690735,0
4051,64816,2025-07-21 23:03:21.002,0.00868256,0
4052,64832,2025-07-21 23:03:29.465,0.008681588,0
4053,64848,2025-07-21 23:03:37.803,0.008685866,0
4054,64864,2025-07-21 23:03:40.573,0.008679183,0
4055,64880,2025-07-21 23:03:45.670,0.008687362,0
4056,64896,2025-07-21 23:03:51.464,0.008689854,0
4057,64912,2025-07-21 23:03:59.038,0.008688874,0
4058,64928,2025-07-21 23:04:04.682,0.008688155,0
4059,64944,2025-07-21 23:04:07.470,0.008686741,0
4060,64960,2025-07-21 23:04:14.771,0.008697332,0
4061,64976,2025-07-21 23:04:21.936,0.008688365,0
4062,64992,2025-07-21 23:04:29.646,0.008679874,0
4063,65008,2025-07-21 23:04:31.665,0.0086944485,0
4064,65024,2025-07-21 23:04:37.042,0.008682381,0
4065,65040,2025-07-21 23:04:45.495,0.008681788,0
4066,65056,2025-07-21 23:04:54.186,0.008685898,0
4067,65072,2025-07-21 23:04:56.639,0.008679063,0
4068,65088,2025-07-21 23:05:01.644,0.008684119,0
4069,65104,2025-07-21 23:05:07.715,0.008685712,0
4070,65120,2025-07-21 23:05:16.034,0.008689148,0
4071,65136,2025-07-21 23:05:21.213,0.008687851,0
4072,65152,2025-07-21 23:05:23.690,0.008690518,0
4073,65168,2025-07-21 23:05:31.003,0.008701274,0
4074,65184,2025-07-21 23:05:37.960,0.008688012,0
4075,65200,2025-07-21 23:05:45.665,0.008679822,0
4076,65216,2025-07-21 23:05:47.700,0.0086907735,0
4077,65232,2025-07-21 23:05:54.769,0.008682241,0
4078,65248,2025-07-21 23:06:01.828,0.008681861,0
4079,65264,2025-07-21 23:06:10.546,0.008681872,0
4080,65280,2025-07-21 23:06:13.061,0.008683737,0
4081,65296,2025-07-21 23:06:18.908,0.008684642,0
4082,65312,2025-07-21 23:06:24.921,0.0086824205,0
4083,65328,2025-07-21 23:06:34.452,0.008689979,0
4084,65344,2025-07-21 23:06:38.388,0.008684726,0
4085,65360,2025-07-21 23:06:40.861,0.008692485,0
4086,65376,2025-07-21 23:06:50.132,0.008702697,0
4087,65392,2025-07-21 23:06:57.579,0.008692811,0
4088,65408,2025-07-21 23:07:03.676,0.008683305,0
4089,65424,2025-07-21 23:07:05.539,0.0086876545,0
4090,65440,2025-07-21 23:07:12.543,0.008686437,0
4091,65456,2025-07-21 23:07:20.982,0.008682707,0
4092,65472,2025-07-21 23:07:28.754,0.008682642,0
4093,65488,2025-07-21 23:07:30.753,0.00868685,0
4094,65504,2025-07-21 23:07:36.368,0.008682682,0
4095,65520,2025-07-21 23:07:43.814,0.008681547,0
4096,65536,2025-07-21 23:07:51.804,0.00868949,0
4097,65552,2025-07-21 23:07:55.612,0.008684284,0
4098,65568,2025-07-21 23:08:01.052,0.008690442,0
4099,65584,2025-07-21 23:08:07.455,0.008707888,0
4100,65600,2025-07-21 23:08:14.697,0.008694058,0
4101,65616,2025-07-21 23:08:20.726,0.008684615,0
4102,65632,2025-07-21 23:08:23.179,0.008698359,0
4103,65648,2025-07-21 23:14:02.542,0.008682381,0
4104,65664,2025-07-21 23:14:10.996,0.008681788,0
4105,65680,2025-07-21 23:17:52.742,0.008685898,0
4106,65696,2025-07-21 23:17:55.378,0.008679063,0
4107,65712,2025-07-21 23:18:28.733,0.008684119,0
4108,65728,2025-07-21 23:18:34.718,0.008685711,0
4109,65744,2025-07-21 23:18:44.131,0.008689148,0
4110,65760,2025-07-21 23:18:48.614,0.008687851,0
4111,65776,2025-07-21 23:18:51.020,0.008690518,0
4112,65792,2025-07-21 23:18:58.435,0.008701275,0
4113,65808,2025-07-21 23:19:05.716,0.008688012,0
4114,65824,2025-07-21 23:19:13.588,0.008679822,0
4115,65840,2025-07-21 23:19:15.901,0.008691415,0
4116,65856,2025-07-21 23:19:22.525,0.008683072,0
4117,65872,2025-07-21 23:19:29.514,0.008682693,0
4118,65888,2025-07-21 23:19:39.454,0.0086827045,0
4119,65904,2025-07-21 23:19:41.971,0.008683955,0
4120,65920,2025-07-21 23:19:47.164,0.008683945,0
4121,65936,2025-07-21 23:19:53.260,0.008729722,0
4122,65952,2025-07-21 23:20:02.781,0.008731781,0
4123,65968,2025-07-21 23:21:07.497,0.008720172,0
4124,65984,2025-07-21 23:21:09.969,0.008731052,0
4125,66000,2025-07-21 23:21:23.281,0.008693205,0
4126,66016,2025-07-21 23:21:45.694,0.008697494,0
4127,66032,2025-07-21 23:21:52.855,0.008688365,0
4128,66048,2025-07-21 23:22:44.520,0.008679873,0
4129,66064,2025-07-21 23:22:46.840,0.00869528,0
4130,66080,2025-07-21 23:22:52.236,0.008683214,0
4131,66096,2025-07-21 23:23:00.667,0.008682619,0
4132,66112,2025-07-21 23:23:16.451,0.00868673,0
4133,66128,2025-07-21 23:23:18.863,0.008679063,0
4134,66144,2025-07-21 23:23:23.998,0.008684119,0
4135,66160,2025-07-21 23:23:29.976,0.008685711,0
4136,66176,2025-07-21 23:23:39.267,0.008689148,0
4137,66192,2025-07-21 23:23:51.263,0.008687851,0
4138,66208,2025-07-21 23:23:53.660,0.008690518,0
4139,66224,2025-07-21 23:24:00.889,0.008701275,0
4140,66240,2025-07-21 23:24:08.021,0.008688013,0
4141,66256,2025-07-21 23:24:23.000,0.008679822,0
4142,66272,2025-07-21 23:24:25.151,0.008690583,0
4143,66288,2025-07-21 23:24:39.287,0.008688026,0
4144,66304,2025-07-21 23:24:46.443,0.008737043,0
4145,66320,2025-07-21 23:24:55.152,0.0087321615,0
4146,66336,2025-07-21 23:24:57.614,0.008730226,0
4147,66352,2025-07-21 23:50:19.101,0.008743765,0
4148,66368,2025-07-21 23:50:33.532,0.008707945,0
4149,66384,2025-07-21 23:50:54.301,0.008715985,0
4150,66400,2025-07-21 23:51:00.791,0.008699392,0
4151,66416,2025-07-21 23:51:09.520,0.008688964,0
4152,66432,2025-07-21 23:51:11.223,0.008704353,0
4153,66448,2025-07-21 23:51:15.944,0.008697616,0
4154,66464,2025-07-21 23:51:23.824,0.008696191,0
4155,66480,2025-07-21 23:51:31.744,0.008704351,0
4156,66496,2025-07-21 23:51:34.837,0.008700526,0
4157,66512,2025-07-21 23:51:39.547,0.00870612,0
4158,66528,2025-07-21 23:51:45.430,0.008719172,0
4159,66544,2025-07-21 23:51:51.772,0.008698779,0
4160,66560,2025-07-21 23:51:59.591,0.00869354,0
4161,66576,2025-07-21 23:52:01.468,0.008708161,0
4162,66592,2025-07-21 23:52:07.507,0.00869727,0
4163,66608,2025-07-21 23:52:14.063,0.008696348,0
4164,66624,2025-07-21 23:52:23.511,0.008693337,0
4165,66640,2025-07-21 23:52:25.793,0.00870622,0
4166,66656,2025-07-21 23:52:30.259,0.008713455,0
4167,66672,2025-07-21 23:52:35.622,0.008725852,0
4168,66688,2025-07-21 23:52:42.295,0.008709343,0
4169,66704,2025-07-21 23:56:27.558,0.00869354,0
4170,66720,2025-07-21 23:56:29.247,0.0087071275,0
4171,66736,2025-07-21 23:56:44.085,0.00869652,0
4172,66752,2025-07-21 23:56:50.538,0.00869553,0
4173,66768,2025-07-21 23:57:00.087,0.008692506,0
4174,66784,2025-07-21 23:57:02.584,0.0086962385,0
4175,66800,2025-07-21 23:57:06.995,0.008703753,0
4176,66816,2025-07-21 23:57:12.216,0.008711571,0
4177,66832,2025-07-21 23:57:18.731,0.008702663,0
4178,66848,2025-07-21 23:57:26.344,0.008696895,0
4179,66864,2025-07-21 23:57:28.772,0.008707924,0
4180,66880,2025-07-21 23:57:34.698,0.008704432,0
4181,66896,2025-07-21 23:57:41.817,0.008696463,0
4182,66912,2025-07-21 23:57:50.286,0.008689343,0
4183,66928,2025-07-21 23:57:52.289,0.008696763,0
4184,66944,2025-07-21 23:57:56.751,0.008702391,0
4185,66960,2025-07-21 23:58:02.277,0.008737092,0
4186,66976,2025-07-21 23:58:11.598,0.008747032,0
4187,66992,2025-07-21 23:58:16.223,0.008727794,0
4188,67008,2025-07-21 23:58:18.997,0.008738402,0
